id,title,filename,studio,category,duration_min,performers
28660,The Stream From Tonight!,lucymochi (0277).mp4,FansDB: Asianmochi (onlyfans),Western,91,Lucy Mochi
28277,,hotwife share with young boy.mp4,,Western,107,FAV
28227,,3threesomelove3 2021 09 19 15 36 18.mp4,,Western,108,FAV
28178,It’s Been An Exit Only Until Today,"Dakota Tyler -- @ExploitedCollegeGirls -- It's Been An Exit Only Until Today -- 2022-05-12 [1080p, x265].mp4",Exploited College Girls,Western,119,Tyler Nixon; Dakota Tyler
28169,Petite Brunette Threesome: 1st Show,Petite Brunette Threesome 1st Show x265.mp4,Jack_and_Jill,Western,99,Jak Palmer; Theodora Day; Dakota Tyler
28168,,CSP_1080_2021.mp4,,Western,114,Chloe Temple; Lily Larimar; Quinn Wilde
28158,Teen's 1st Threesome and Girl Experience,ManyVids-Jack_and_Jill-2021-01-25-1080p.mp4,Jack_and_Jill,Western,110,Jak Palmer; Jill Palmer; Tristan Summers
28044,,Mathemakitten × Claire - JackandJill 4K h265 10bit.mp4,JackandJillVR,Western,101,Jill Palmer
28039,A Mother's Test pt.1,MissaX - A Mother's Test Full 1080p.mp4,MissaX,Western,109,Reagan Foxx; Codey Steele; Vanna Bardot
28037,母子姦 息子の巨根に欲情した巨乳母 篠田あゆみ,[GVG-299]  (English subbed).mp4,GLORY QUEST,Japanese,118,Ayumi Shinoda
28038,知らなければよかった、夫の連れ子が巨根だったなんて…。 本田岬,[MEYD-336]  (English subbed).mp4,溜池ゴロー,Japanese,118,本田岬
27991,,DORCEL.2025.Pl4y.MULTi.1080p-VERIFIED.mp4,Dorcel,Western,172,
27990,,Play.2024.1080p.WEB.x264.mkv,Dorcel,Western,97,
27989,Luxure - My Wife's Friends,DORCEL.2025.Luxure_ My Wife_s Friends.MULTi.1080p-VERIFIED.mp4,Dorcel Vision,Western,136,Kristof Cale; Milan Cheek; Nata Ocean; Leya Desantis; Renato
27867,今、セフレで一番エロい推し妻、紹介します。チンポ大好き誰の精子でも美味しくごっくんするクビレ巨乳セフレ妻 さくらさん(Hカップ)26歳,HAWA-366.mp4,COSMO映像,Japanese,164,なつみ柑奈
27821,,My_Sisters_First_Threesome_1080.mp4,,Western,105,FAV
27376,Zerella Skies,x265.zere.1080p.mp4,Exploited College Girls,Western,92,J. Jay; Zerella Skies
27370,This Ain't The Partridge Family XXX,This Ain't The Partridge Family XXX 2009 1080p BluRay x264.mkv,Hustler,Western,104,Tori Black; Faye Reagan
27347,,video (95).mp4,,Western,118,Lilah Anne
27172,Hard Outdoor Threesome with Dani Daniels & Lexi Lowe,My Daughter Is A Whore 1080p (2015).mp4,Dorcel Club,Western,116,Dani Daniels; George Uhl; Lexi Lowe
27052,,SDJS-348.mp4,,Western,259,
27043,Roby & Harry - Tape 7,Roby&Harry-Tape7 Scale 3X Alqs-2-2X-Rife-Rife3.1-59.94Fps-4.mp4,Sell Your Sex Tape,Western,90,Roby
26795,Hot Indian Goddess Fucks Cock,Indian Sex Goddess_4.00x_2560x1920_thd-3-.mp4,DaringSex HD,Western,187,Kai Taylor; FAV; Miya Rai
26776,Sex And Confidence - Scene 2,Sex And Confidence 2016 1080p WEB-DL AAC2 0 H 264.mp4,Digital Playground,Western,149,Mr. Pete; Peta Jensen
26681,Nude Model NTR: A Director Nagae Masterpiece! The Newest Netorare Drama Starring Ayaka Muto,JUL-401.mp4,Madonna,Japanese,117,武藤あやか
26597,,xoey_li_02-00-iz55u20d.mp4,,Western,100,Xoey Li
26593,,xoey_li_00-01-yKVvXtLQ.mp4,,Western,104,Xoey Li
26531,,xoeyli-2024-05-01-3266825670.mp4,,Western,173,Xoey Li
26456,,"The schoolgirl next door is penetrated by 3 men in turn, creampie [1080p].mp4",Model Media Asia,Western,111,
26426,Please cuckold my girlfriend. First real creampie 10 shots. Mei (university student) Satsuki Mei,hhd800.com@NAMH-007.mp4,なまなま,Western,107,Mei Satsuki
26427,"Two-stage NTR. He uses her boyfriend's weakness to force her to provide him with a sex tape of them having sex. He then uses the video to rape her. She was sold by the man she loved, and he forced her to sleep with him.",hhd800.com@MUDR-350.mp4,無垢,Western,170,Mei Satsuki
26399,,FC2-PPV-1863801.mp4,FC2,Japanese,105,
26305,,FC2-PPV-1447869-1.mp4,FC2,Japanese,105,
26278,,FC2-PPV-1221330.mp4,FC2,Japanese,96,
26222,,hhd800.com@FC2-PPV-3194866.mp4,FC2,Japanese,103,
26220,,FC2-PPV-3006549.mp4,FC2,Japanese,92,
26221,,FC2-PPV-1288509.mp4,FC2,Japanese,101,
26219,,fc2ppv_2698919.mp4,FC2,Japanese,166,
26212,,FC2PPV-1622672 Can't be Happening!  Hidden camera!  A visitor during the shooting! !!.mp4,FC2,Japanese,128,
26195,,FC2PPV-2589532.mp4,FC2,Japanese,99,Nana Miho
26194,"Nana Miho Official Retirement Release: Hardcore Fan Appreciation Festival! ""If You Beat Me, You Get to Fuck Me!"" — A Sex Sports Day of Mud, Tears, and Bodily Fluids!",SNOS-033.mp4,S1 No.1 Style,Japanese,177,Nana Miho
26193,"[Over 150,000 Downloads!] Based on the Original by Mitsumitsuniku: ""Next-Level Swinging"" — Extreme and Obscene Wife-Swapping That Destroys the Sanity of an Ordinary Couple Trying to Conceive!!",hhd800.com@URE-129.mp4,熟れコミ,Western,147,椿りか; 逢見リカ
26192,,FC2PPV-2724256.mp4,FC2,Japanese,108,Nana Miho
26182,,[OF-JackAndJill] Vanessa - Insta Hottie Big Ass Big Tits​ [2160p].mp4,,Western,128,FAV
26169,"Mandatory Virginity Graduation Ceremony! No Sex, No Diploma! A Sweat-and-Semen Soaked Classroom Orgy Where Teachers Coach Students on How to Fuck!",hhd800.com@HUNTC-435.mp4,Hunter,Japanese,163,Rion Izumi; 涼花くるみ; 綾瀬こころ; 桜木えりか; 佐々木かんな
26164,,hhd800.com@HUBLK-061.mp4,Hunter Black,Japanese,153,
26165,,hhd800.com@HUBLK-059.mp4,Hunter Black,Japanese,142,
26166,Behind the R-18 Curtain: The Old Schoolhouse Sex Sanctuary! Horny Students & Slutty Co-eds in a Non-Stop Breeding Zone,hhd800.com@HUNTC-474.mp4,Hunter,Japanese,140,皆月ひかる; 広瀬このみ; 日翠こあ; 結月りあ; すずめゆら
26167,"Lingerie Manufacturer’s Company Trip: A Cum-Soaked Orgy with Total Strangers! Unstoppable Creampies in the Bathroom, Hallway, and Every Room Available!",hhd800.com@HUNTC-486.mp4,Hunter,Japanese,164,Mitsuki Igarashi; 二宮もも; 椎菜える; 有村のぞみ; 有加里ののか
25932,You’re a Production AD—Of Course You’re Our Meat Toilet! LOL. Forcefully Appointed as the Company Cum-Dump! A Non-Stop Line of Brutal Creampies and Ruthless Pounding: Sui Tsukinoe,ROYD-189.2025.1080p.DMM.WEB-DL.AAC2.0.H.264-MTeam.mkv,ROYAL,Japanese,151,Sui Tsukinoe
25925,Neighborhood Camping NTR: Shocking Leaked Footage of My Wife Being Creampied Inside a Tent,JUR-326-Decensored.mp4,Madonna,Japanese,118,Sui Tsukinoe
25924,Fitch Exclusive: Overflowing Translucence! Natural I-Cup Newcomer Reina Momozono’s AV Debut,JUFD548.HD.mkv.mp4,Fitch,Japanese,163,Rena Momozono
25900,[Perfect Beauty Begging for Cock at a No-Sex Male Escort Service] A highly sought-after Lounge Lady gets a healing and lewd erotic massage! Real moans from intense caresses an amateur guy couldn't provide → Her dripping wet pussy demands cock! Is this teasing play? Raw fucking a body heightened to the limit → Vulgar hip-pounding continuous orgasms! [Amateur Fucking REC #Miu #LoungeLady],MFCS-100.mp4,MOON FORCE 2nd,Western,98,Rima Arai
25887,Veruca James - How To Train A Hotwife - Scene 1,howtotrainahotwife_1920.mp4,Hot Wife XXX,Western,111,Mick Blue; Veruca James
25662,,OnlyFans - Rikako Katayama - GATTOUZ0 X RIKAKO KATAYAMA.mp4,gattouz0,Western,109,Rikako Katayama
25535,,12283988-720p.mp4,,Western,176,
25500,I'm Ready For My 1st 3some,"Becky, Thea - I'm Ready For My 1st 3some_1080p.mp4",Exploited College Girls,Western,90,Tyler Nixon; Becky Summer; Thea Summers
25478,Anha Bellissima,Anha Bellissima Casting UPDATED [1080p].mp4,Woodman Casting X,Western,96,Pierre Woodman; Emmanuel Torquemada; Anha Bellissima
25435,Gracie And Rose Threeway,brcc1694-Gracie-Rose-3way-watermarked-1080p_X265.mp4,Backroom Casting Couch,Western,97,Gracie Gates; Mitt Aziani; Rose Lynn
25428,,[OF-JackAndJill] Celest and Bella - Small Bestie Threesome [1080p].mp4,Jack_and_Jill,Western,110,
25415,MIH-007,MIH-007-U.mp4,Honnaka,Japanese,124,Ichika Matsumoto
23661,A date in Macau with Iku Sakuragi and her tour guide turned lover,2022-06-29_japanhdv_Date_In_Macau_With_Iku_Sakuragi_scene1_hd.mp4,Japan HDV,Japanese,90,Iku Sakuragi
23600,Rei Senzaka is a tourist in Japan when approached by a man looking to fuck,2022-01-14_japanhdv_Date_in_Macau_Rei_Senzaka_scene1_hd.mp4,Japan HDV,Japanese,92,Rei Senzaka
23552,Noa Koizumi has big boobs her lover enjoys in a love hotel today,2021-10-08_japanhdv_Cheating_Wife_Noa_Koizumi_scene1_hd.mp4,Japan HDV,Japanese,93,Reira Serikawa
23547,"Sex party fun with Koko Hirose, Nanase Tsugu, and Aiko Suzuhara today",2021-09-30_japanhdv_Hide_And_Seek_Koko_Hirose_Nanase_Tsugu_Aiko_Suzuhara_scene1_hd.mp4,Japan HDV,Japanese,101,Koko Hirose; Suzuhara Aiko; Suzuki Ai
23532,Eri Makino gets asked to film a TV show when she misses her late night train,2021-08-13_japanhdv_Hitchhiker_Eri_Makino_scene1_hd.mp4,Japan HDV,Japanese,95,Eri Makino
22924,Making Babies Because Our School's Student Council Is Too Strict,zuko093.hd.mp4,ZUKKON/BAKKON,Japanese,158,蓮実クレア; 乙葉ななせ; 夏希みなみ; 荻野舞
22922,SDDE-419,sdde-419.HD.mp4,SOD Create,Japanese,120,Tsugumi Mutou; Airi Natsume; Miki Shibuya; Ayako Kanou; Haruna Aitsuki
22911,The Innkeeping Wife Forced to Entertain Old Men... A Night of Apology Drinks Turns Into an Endless Morning of Creampie Hospitality,PRED-796-C.mp4,PREMIUM,Japanese,171,山岸あや花
22901,,FC2-PPV-4587943.mp4,FC2,Japanese,91,
22884,"""Sexual Crime Eradication Treatment Center"" — Female Guard Ms. M (Married) Coldly Disciplines Abnormal Libido Criminal Cocks",SGKI-010-U.mp4,SHIGEKI,Japanese,117,森日向子
22882,St. Kichix Academy – Youth Creampie Grand Orgy Classroom: 7 Super Cute High School Girls,AVOP-374_AI_ENHANCED_X265.mp4,キチックス,Western,150,Yuna Himekawa; 矢澤美々; 山川ゆな; 長谷川ゆう; 一色さゆり
22282,I'm a Nervous Highschool Cheerleader,ExploitedCollegeGirls.24.06.27.Daisy.Im.a.Nervous.Highschool.Cheerleader.XXX.1080p.mp4,Exploited College Girls,Western,93,Tyler Nixon; Daisy Phoenix
22243,Hawaii Show Part 1: Sara's First Sex Show,[ManyVids] Jack and Jill - Hawaii Show Part 1 Sara's First Sex Show.mp4,Jack_and_Jill,Western,135,Jak Palmer; Maya Rue; Jill Palmer; Sara Turner
22242,Maya's First 3some Sex Show,[JackandJill] MayaSings and Sofiawetdreams [1080p].mp4,Jack_and_Jill,Western,105,Jak Palmer; Sofia Jade; Maya Rue
22237,,Elegant Angel.2025.Kenna James Is Slutwoman.1080p-VERIFIED.mp4,Elegant Angel,Western,128,Kenna James
22221,3 Days and 2 Nights Being Made to Creampie Repeatedly by Locally Famous Slutty Gyaru Sisters Using Nasty Squelching Hip Movements and Demonic Cowgirl Pistoning That Makes Their Butt Flesh Jiggle Wildly When I Visited My Girlfriend's Parents' Home,CJOD-455.mp4,Chijo Heaven,Japanese,135,AIKA; 春陽モカ
22214,"Naoki Yamamoto 40th Anniversary Work Part 2: Is This Lewd Conduct? / From the Cage of Sex Toys — Yui Tenma, Akari Minase",MUDR-326.mp4,無垢,Western,135,上川星空; 皆瀬あかり
22213,Oral Marriage: Doing Whatever I Want with a Hypnosis App! I Turned the Woman I Admire and Erotic Wives into Blowjob Slaves and Mouth-Pussies I Can Use Whenever I Please.,RKI-728.mp4,ROOKIE,Japanese,113,Kana Morisawa; 新村あかり
22212,"That Woman ""Moka"" Who Keeps Posting Insinuations with My Crush... If You Want Attention That Badly, I'll Expose a Video of You Being Raped and Impregnated by Vigorous Cocks to the Whole World!",hhd800.com@MNGS-008.mp4,MOODYZ ニュージーニアス,Japanese,120,春陽モカ
22200,"A Video Adaptation of the Popular FANZA Doujin Comic with Over 190,000 Copies Sold! Live-Action Version! The Melancholy of Newcomer Office Lady: Practical Cold-Call Pillow Sales Edition",NIMA-061.mp4,肉漫,Western,116,椿りか; Rena Momozono
22198,"Live-Action Version! The Melancholy of Corporate Slave Office Lady: Delivering the Resignation Letter Edition — Rena Momozono, Rika Tsubaki",NIMA-065.mp4,肉漫,Western,118,椿りか; Rena Momozono
22197,"Happenings Bar Married Woman NTR: The Wife Who Said ""I'm Doing This for You..."" Was, Before She Knew It, Obsessed with the Men Swarming Around Her",JUR-515 Swinger’s Bar Housewife NTR. My Wife Used To Say “I m Doing It For You…” But Before She Knew It She Became Addicted To The Men Swarming Around Her - Kotou Mariko Nogami Shiori.mp4,Madonna,Japanese,143,古東まりこ
22196,A Naughty Little Devil J-Style Girl Tempts You by Showing Her Gaping Anus! Making You Lick Her Ass and Getting Hyped with Pile-Driver Press FUCK! — Moka Haruhi,[Reducing Mosaic]WAAA-584 A Naughty Little Devil JK Shows Off Her Anus And Tempts You Let Her Lick It And Pound You With A Pounding Press FUCK Haruyo Moka.mp4,Wanz Factory,Japanese,120,春陽モカ
22195,"Memories of Returning to My Rural Hometown Where Sex is Commonplace, Only to Have My Semen Milked Out of Me Over and Over Again by a Classmate Who Grew Up to Be a Famous Slutty Gyaru and the Town's Biggest Slut Senior, Even Though It Was My First Creampie — Moka Haruhi, AIKA",[Reducing Mosaic]MIAB-326 When I Went Back To The Countryside Where Sex Is The Norm My Classmate Who Had Grown Into A Famous Slutty Gal And My Senior Who Was The Most Slutty In The Area Gathered Together And E.mp4,みんなのキカタン,Western,120,AIKA; 春陽モカ
22194,"Depression Boner Driving Camp. The Last Night... What I Saw When I Sobered Up Was a Creampie Orgy Party with My Best Friends... Moka Haruhi, Momo Shiraishi",[Reducing Mosaic]MIAB-334 A Driving License Training Camp That Makes Me Depressed. On The Last Night... When I Woke Up From My D n State I Saw A Creampie Orgy Party With My Friends... Haruhi Moka Shiraishi Mom.mp4,みんなのキカタン,Western,122,Momo Shiraishi; 春陽モカ
22192,Mass Bullying Gangbang That Irreparably Shattered the Spirit of the Moral Committee Chairwoman Who Had a Strong Sense of Justice and Tried to Stop Classroom Bullying — Miyu Aizawa,hhd800.com@REAL-952.mp4,REAL,Japanese,126,逢沢みゆ
22193,"Slipping-Off-The-Bed Intercourse. An ""Arched-Back"" Female Employee Passed Around by Salarymen Who Got Carried Away",hhd800.com@JUR-544.mp4,Madonna,Japanese,130,Sui Tsukinoe
22190,"All the Roommates in the Dirt-Cheap Share House I Moved Into in Tokyo Are Rapists! Tricked into a Shared Room Full of Men, A Slender Beautiful College Student with Erotic Perky Nipples Is Made to Handle Their Sexual Desires Daily: Ui Tenjin",START-459.mp4,SODSTAR,Japanese,129,天神羽衣
22191,"Heating Up on the School Trip! Super Erotic Strip Rock-Paper-Scissors! Boys vs. Girls! A Clash of Wills! An Unwinnable Battle with Pride on the Line Is Right Here! Late at Night, What Was Supposed to Be a Fun Pillow Fight Memory... Turned into Everyone Being Half-Naked in a Mass Strip Game!? Eventually Getting Erotic... Leading to a Shocking Orgy!?",hhd800.com@HUNTC-363.mp4,Hunter,Japanese,156,市川りく; 広瀬このみ; 流川莉央; 有加里ののか; 末広純
22189,Mass Time Stop Rape: Office Edition,hhd800.com@HUBLK-058.mp4,Hunter Black,Japanese,154,音羽美鈴; 星あめり; 美木ひなの; 桜井千春; Ikura Umino
22188,"These Girls Are Seriously Insane—Anything Goes!? Nasty Sex Drives! If These Obscene Female Sadists Crash the Party All Sloppy with Saliva, I'm Done For! Tons of Slippery Creampies! Explosive Ejaculation, Demonic Spurting Trance Sex",hhd800.com@DASS-780.mp4,ダスッ！,Western,153,Ena Satsuki; 二宮もも; 藤田こずえ; 有村のぞみ
22187,"The 2,000 Yen VIP Course Allows Sex the Whole Time! Class 3-A's School Festival Stall Is a ""Massage While Keeping Your Dick Inside"" Shop",HUNTC-413.mp4,Hunter,Japanese,125,由良かな; 有加里ののか; 雅子りな; 水本葉; 相坂すみれ
22185,The Job of the Service Committee Member: Kana Yua,MXGS821.HD.mkv,MAXING,Japanese,118,由愛可奈
22183,"""Let's Do a 3P with Us!"" My Childhood Friend Became Part of a Locally Famous Slutty Gyaru Gang! Summer Memories of Being Made into a Masochist Pet and Ejaculating 13 Times During My 2-Day Visit Home",MIAB-157.mp4,みんなのキカタン,Western,133,AIKA; 鳳カレン
22179,PINNED DOWN - Asian Teen Fucked By Her Trainer,Kwini Kim - PINNED DOWN - Asian Teen Fucked By Her Trainer [1080p].mp4,Kwini Kim,Western,107,Kwini Kim; Raul Costa; Francis_x
22145,"Corrupted into Having Sensitive, Instant-Orgasm Nipples That Stand Erect Constantly Due to My Detestable Boss's Relentless Nipple Harassment: Moe Amatsuka",fsdss-467.mp4,FALENO,Japanese,118,天使もえ
21615,Triangle of Lies,"[MissaX] AJ Applegate, Kristen Scott, Tommy Pistol (Triangle of Lies - 02.07.2019) [1080p].mp4",MissaX,Western,96,Kristen Scott; AJ Applegate
21610,Kristen Scott No Limits,No Limits - Kristen Scott - 2019.mp4,Zero Tolerance Films,Western,107,Donny Sins; Isiah Maxwell; Codey Steele; Robby Apples; Jack Blaque
20681,MILF Oasis,MILFOasis_s01_ArielDemur_CaseyCalvert_JadeVenus_LaurenPhillips_SophiaLocke3_1080p.mp4,Transfixed,Western,101,Sophia Locke; Penny Barber; Casey Calvert; Jade Venus; Lauren Phillips
20561,DVP Unicorn Orgy with Jack + Jill and Sara Loverays,[MVJackandJill] DVP Unicorn Orgy with Jack and Jill and Sara Loverays 2024 [1080p].mp4,SexyHippies,Western,121,Jak Palmer; Jill Palmer; Sara Turner; Melissa; Jason
20498,Leaked Lewd Footage of Female Student Volunteers Who Diligently Support the Community with Pure Hearts,[Reducing Mosaic]CAWD-886 Lewd Video Leaked Of Female Student Volunteer Working To Support The Community With A Pure Heart.mp4,kawaii*,Japanese,175,柏木こなつ; 皆月ひかる; 赤名いと; 千川とわ
20496,WAAA-250,WAAA-250 [x265].mp4,Wanz Factory,Japanese,117,Asuka Momose; Mai Kagari
20492,WAAA-087,[WAAA-087] - Huge Dick Thrusting Into Tight Cunt! Raw Fucking Creampie NTR [1080pMP4] (2021-07-22).mp4,Wanz Factory,Japanese,124,Lala Kudo
20486,WAAA-200,[JAV] Boss' Big Butt Creampie WAAA-200 - Mao Hamasaki & Sarina Momonaga.mp4,Wanz Factory,Japanese,158,浜崎真緒; Sarina Momonaga
20484,"""Let's Swap and See Whose Student Has the More Sensitive, Better-Feeling Ass."" Making-Each-Other-Cum Peach Butt Swap: Explosive Doggy-Style Piston Creampies Until Both Collapse — Marina Saito, Suzu Takayama",WAAA-083.mp4,Wanz Factory,Japanese,149,高山すず; 斎藤まりな
20485,"Humiliation Climax via Demonic Anal Rimming!! Big-Butted Meat Toilet: Ai Sayama, the Female Teacher Whose Asshole Is So Sensitive She Goes Crazy with Orgasms Just from Being Licked",WAAA-252 [1080p].mp4,Wanz Factory,Japanese,124,Ai Sayama
20483,My Girlfriend Was Violated All Night Long by Colleagues Who Got Aroused After Being Forced to Play Vulgar Party Games on a Company Trip: Tsubomi,WAAA-028.mp4,Wanz Factory,Japanese,148,つぼみ
20482,"Repeated Creampies While She Screams ""I'm Already Coming!"": Ai Sayama",FHD-waaa-112_6M.mp4,Wanz Factory,Japanese,120,Ai Sayama
20480,Abstinence Q-Cup Aphrodisiac Massage: Repeated Teasing and Edging Turns Her into a Lewd Beast for 24 Hours of Non-Stop Drugged-Up Sex — Himari,hhd800.com@MIDA-363.mp4,MOODYZ DIVA,Japanese,145,Himari
20477,"""We Wuv You, Mr. Mega-Cock!"" Two Slutty Lolitas Love Big Black Dicks! Harem Little Devil World Fuck — Lara Kudo, Kotone Toa",[Reducing Mosaic]WAAA-177 'Daichiuki Megachi ○ Po-sensei!'.mp4,Wanz Factory,Japanese,125,Lala Kudo; 冬愛ことね
20474,Black English Conversation NTR: My Wife's Affair Partner Has a Mega-Cock! The Unmatched Energy Creampie Beast-Fuck Orgy Party My Beloved Wife Got Hooked On,WAAA-521.mp4,Wanz Factory,Japanese,121,八森わか菜
20472,"No Escape Until You Cum 100 Times — My Beloved Wife, Taken as Collateral for Debt, Broken by Unreasonable Climax Games Over 3 Days",MIDA-246.mp4,MOODYZ DIVA,Japanese,118,Ichika Matsumoto
20301,"Lily Lou - Entitled ""Influencer"" Broken by Unbreakable Contract","Lily Lou - Entitled Influencer Broken by Unbreakable Contract [1080p, x265].mkv",Primal's Mental Domination,Western,120,Alex Jones; Lily Lou
19640,,[Fansly-PornForce] THIS IS HER TYPE OF WORKOUT - Kwini Kim 2025 [1080p].mkv,,Western,97,
19257,"Full Raw Style @ Michi: Big-Titted Woman Who Easily Followed a Pickup Artist Is Confined, Turned into a Meat Onahole, and Subjected to Forced Breeding 3P — Kaichi Kitamura",hhd800.com@KNAM-082.mp4,完ナマSTYLE,Western,133,北村海智
19256,"The Traditional Village's ""Coming-of-Sex"" Ceremony: A Ritual for Village Daughters Coming of Age to Learn Orgasm and Become True Adult Women Capable of Inducing Ecstasy",hhd800.com@OFSD-041.mp4,オフサイド,Western,169,Ririka Amau; 綾瀬こころ; Ikura Umino; Moa Wakatsuki; 天美めあ
19242,Cuckold Skewer Gangbang: Please Violate My Beloved Wife Until She's Used Up to Her Deepest Depths.,hhd800.com@JUR-523.mp4,Madonna,Japanese,140,京香栞
19243,"The Delivery Bento Shop's Poster Girl (19) Degraded into a Sexual Relief Onahole Doll by Blue-Collar Construction Workers Using Sleeping Pills: ""I Was Defiled All Over My Body While Asleep by the Workplace Seniors My Brother Trusted"" — Kanna Amane",hhd800.com@START-431.mp4,SODSTAR,Japanese,134,天音かんな
18001,I'm Still In High School,[ECG] Liora Vane - Im Still in High School - 1080p - x265.mp4,Exploited College Girls,Western,105,Tyler Nixon; Liora Vane
17317,Satine Summers Interviews as sexy Pussy-Woman Super-Villain Server,XXXJobInterviews 2024-07-28 Satine Summers.mp4,XXX Job Interviews,Western,109,Satine Summers
17174,,Evil Angel - Rocco Siffredi.2025.Rocco_s Sex Podcast_ Martina vs. Eva.1080p-VERIFIED.mp4,Rocco Siffredi,Western,197,Rocco Siffredi
17168,Fucking Break Me. The Fast One's Always Ride For Free,BBCSurprise 2025-09-13 Mira Luv HEVC.mp4,BBC Surprise,Western,101,Isiah Maxwell; Mira Luv
17150,Give Me My First Orgasm,exploitedcollegegirls.25.04.10.kloe.love.give.me.my.first.orgasm.1080p.HEVC.mp4,Exploited College Girls,Western,93,Tyler Nixon; Kloe Love
16721,"Drunken BBQ NTR: My Girlfriend, Who Got Plied with Drinks, Drunk, and Fucked by Scumbags at Our University Club's Drinking Party",IPZZ-246.mp4,IDEAPOCKET,Japanese,157,桃乃木かな
16488,,08-04-2020-219980633.mp4,,Western,146,
16515,,13-04-2020-230549140.mp4,,Western,116,
16379,最強ヒロインThe Strongest Heroine's Titty-Clamp Ejaculationのパイズリ挟射,SONE-912-4K.mp4,S1 No.1 Style,Japanese,171,Kanna Seto
16378,A Hot Springs Trip Where the Entire Department Continuously Gangbangs the New Housewife Employee Until She Becomes Their Human Toilet.,JUR-385.mp4,Madonna,Japanese,149,小花のん
15472,TRIPLE COUPLE ORGY GETS CRAZY SO MUCH DOUBLE PENETRATION,Triple couple orgy gets crazy so much double penetration.mp4,Max Fills,Western,116,Jak Palmer; Max Fills; Hailey Rose; Jill Palmer; Hannah Jo
15402,,Adult Time.2025.Up Close 11.1080p-VERIFIED.mp4,,Western,103,
15391,Ohana Petite,wcx.22.07.31.ohana.petite.casting.hard [x265].mkv,Woodman Casting X,Western,128,Ohana Petite; Pierre Woodman
15152,Professional Unicorn Threesome,Jack and Jill x Nessa aka xvno - Professional Unicorn Threesome (1080p).mp4,Jack_and_Jill,Western,97,Jill Palmer; Vanessa Marie
13844,,chaturbate - tokyo tea enmarchenoire.mp4,,Western,99,
13795,,Relentless_1080P.mkv,,Western,158,
12907,SSNI-730,SSNI-730.mp4,S1 No. 1 Style,Japanese,150,Yua Mikami; Hiromu Sawano; Tsukasa Hirata; Rei Tamaki; Shougo Kawagoshi
12614,,8-13-25 saira - back from vacation and ready to yap as always-3c9dbf9e-88e0-44ce-90ac-8972742d7e27.mp4,,Western,91,
10914,Releasing The Tension,pervtherapy.22.05.21.jessica.starling.and.penny.barber.releasing.the.tension.mp4,Perv Therapy,Western,90,Penny Barber; Joshua Lewis; Jessica Starling
10810,Ornella Cyan,woodmancastingx.17.12.04.ornella.cyan.mp4,Woodman Casting X,Western,93,David Perry; Pierre Woodman; Josh Jo; Ornella Cyan
10771,I Can't Stop Squirting: Part 2,ManyVids] Jack_and_Jill-2020-07-22-1080p.mp4,Jack_and_Jill,Western,137,Jak Palmer; Jill Palmer; Macy Meadows
10445,Cheerleader Queen Brings Her Friend to Meet JackandJill,manyvids.2023.jack.and.jill.shrooms.q.and.katie.cai.foursome.xxx.mp4,Jack_and_Jill,Western,101,Jak Palmer; Shrooms Q; Jill Palmer; Katie Cai
10436,Indecent pt. 1,missa_indecentpt1_51941220829m1080.mp4,MissaX,Western,91,Reagan Foxx; Ryan Driller; Quinton James
10398,Adorable Girls First Orgasm Ever,ExploitedCollegeGirls 2025-09-18 Becca Blair HEVC.mp4,Exploited College Girls,Western,101,Tyler Nixon; Becca Blair
10377,The Secrets We Share,PureTaboo 2025-09-23 Penny Barber Lilly Bell.mp4,Pure Taboo,Western,153,Charles Dera; Max Fills; Lilly Bell; Penny Barber; Axel Haze
10323,I Just Kissed A Girl & I Liked It,[ExploitedCollegeGirls] Dakota Tyler & Lumi Rey - I Just Kissed A Girl & I Liked It [1080p].mp4,Exploited College Girls,Western,91,Tyler Nixon; Lumi Ray; Dakota Tyler
10314,,Swingers Wife Swap 5# The Pajama Party - 1080p.mp4,,Western,117,FAV
10289,,Private Movies 19 - Fuck Your Neighbour (2005).mp4,,Western,98,
10164,Viola Bailey's Casting,Viola-Bailey-S-9417-1 H.265.mkv,Woodman Casting X,Western,250,Ricky Mancini; Thomas Stone; David Perry; Pierre Woodman; Viola Bailey
9580,Aiden Ashley's House Party,Both Rooms.mp4,Bellesa House Party,Western,97,Jax Slayher; Kenzie Anne; Quinton James; Kenna James; Damon Dice
9581,Aiden Ashley's House Party: Main Room,Main Room.mp4,Bellesa House Party,Western,96,Jax Slayher; Kenzie Anne; Quinton James; Kenna James; Damon Dice
9548,Brazzers Presents: 20 For 20,"[Brazzers] (ORGY) 20 For 20 - Angela White, Kira Noir, Lily Lou, Abigaiil Morris, Kayley Gunner, Cherie Deville, Alexis Fawx, Gal Ritchie, Monique Alexander, Ryan Reid & Queenie Sateen.mp4",Brazzers Exxtra,Western,90,Gal Ritchie; Alex Jones; Kira Noir; Isiah Maxwell; Mick Blue
9542,The Bucket List,The_Bucket_List.mp4,Pure Taboo,Western,96,Codey Steele; Vanna Bardot
9443,"A Lingerie Maker's Company Trip Is a Super Debaucherous Orgy! All the Employees Get Wasted, Drag in Unsuspecting Hotel Guests, and Go Wild in a Massive, Sprawling Gangbang All Over the Hotel!",MUDR-325.mp4,無垢,Western,119,倉本すみれ
9368,"Grandads, Dads, Convicts & Builders Gang Bang",[OF-BonnieBlue] I FUCKED 1057 MEN IN 12 HOURS! But This WAS MY CRAZIEST VIDEO EVER!  2025 [1080p].mp4,FansDB: Bonnieblue_xo (onlyfans),Western,135,Bonnie Blue
9226,Halloween Group Sex,"[JackandJill] Sarah Illustrates, Jessi Rae & LillyyLuna [1080p].mp4",Jack_and_Jill,Western,118,Jak Palmer; Jill Palmer; Lillyy Luna; Sarah Illustrates; Jessi Rae Moore
9177,Karami-zakari 2 Original Work: Airi Katsura Over 4 Million Copies Sold - Series Collaboration Chapter 2,mimk00132.mkv,まんきつ,Western,121,石原希望; 小野六花
9178,Karami-zakari* Original Work: Airi Katsura Over 4 Million Copies Sold! Live-Action Adaptation of the Legendary Youth Doujin Manga,mimk00136.mkv,まんきつ,Western,119,石原希望; 小野六花
9147,Vanna's Easy A,teamskeetvip_vannas_easy_a_full_hi_1080hd.mp4,TeamSkeet Features,Western,116,Alex Legend; Nick Strokes; Ryan Mclane; Codey Steele; Vanna Bardot
9143,,Luxure My Wife's Obsessions 1080p.mp4,Dorcel Club,Western,125,
9119,,Blacked Raw.2025.Blacked Raw V97.1080p-VERIFIED.mp4,Blacked Raw,Western,128,
9095,,macbeth-act-2-1080p.mp4,Ben Dover Movies,Western,130,Ben Dover
9093,,macbeth-act-3-1080p.mp4,Ben Dover Movies,Western,249,Ben Dover
9039,,macbeth-act-1-1080p.mp4,Ben Dover Movies,Western,156,
9036,Railing The Shy Quiet Girl,exploitedcollegegirls.25.03.13.daisy.fox.railing.the.shy.quiet.girl.1080p.HEVC.mp4,Exploited College Girls,Western,105,Tyler Nixon; Daisy Fox
8978,,[Fansly-PornForce] THIS IS HER TYPE OF WORKOUT - Kwini Kim 2025 [2160p].mp4,,Western,97,Kwini Kim
8977,SHE CHOSE SUBMISSION - Asian Teen Beauty Dominated,[Fansly-PornForce] She Loves To Be Submissive - Kwini Kim 2025 [1080p].mp4,Francis Fucks,Western,91,Kwini Kim; Butt Spencer; Raul Costa; Francis_x
8973,Intimate Couples Swap: JackandJill & Hailey and Max,[JackandJill] Hailey Rose DOUBLE PENETRATION 2-HOUR COUPLE SWAP 2025 [1080p].mp4,Jack_and_Jill,Western,114,Jak Palmer; Max Fills; Hailey Rose; Jill Palmer
8948,"Muscle Bar NTR: The Story of My Girlfriend, Who Completely Fell in Love with a Cheerful, Athletic Muscle Man's Relentless Mating and Became His Totally Submissive Bitch.",hhd800.com@PRED-764.mp4,PREMIUM,Japanese,115,逢沢みゆ
8944,Strip,DORCEL.2025.Strip.MULTi.1080p-VERIFIED.mp4,Dorcel Club,Western,160,Scarlett Alexis; Isiah Maxwell; Seth Gamble; Blake Blossom; Nicole Doshi
8941,"A First-Time, Genuine Creampie Shoot with a Nursery School Teacher: 9 Real Semen Loads into Her Uterus - Minami (Has a Boyfriend) - Minami Maeda",hhd800.com@NAMH-002.mp4,なまなま,Western,106,前田美波
8940,"Flat-Rate Sex With Anyone! All-You-Can-Fuck New Town: The Whole Town Goes Wild Special. Just Pay the Monthly Community Association Fee and Get Unlimited Access to Anyone—Housewives, Students, Etc.—Anywhere in Town (Convenience Stores, Restaurants, Bazaars, Gyms, etc.)!",HUNTC-449.mp4,Hunter,Japanese,375,足立友梨; 桐山結羽; 神村さつき; 広瀬このみ; 真白ふわり
8936,"""My Mistake Was Attending Alone as the Only Girl…"" A Female College Student Passed Around by Her Classmates at a House Party. Sasaki Saki",IPZZ-562.mp4,IDEAPOCKET,Japanese,145,佐々木さき
8935,All-You-Can-Fuck Flat Rate! With Anyone! Pachinko/Pachislot Edition 2: That store has a flat-rate system where you can play all you want! Fuck all you want!,HUNTC-354.mp4,Hunter,Japanese,124,有村のぞみ; 広瀬このみ; 綾瀬こころ; 加賀美さら; 美澄玲衣
8934,"An Underwear Manufacturer's Company Trip is a Super Drunken Orgy Bash! All Employees Drink Too Much, Pull Clueless Fellow Travelers Into the Mess, and Go Wild Having Non-Stop Orgies in Various Rooms All Over the Place!",HUNTC-293-Reducing_Mosaic.mp4,Hunter,Japanese,163,Rion Izumi; 音羽美鈴; 由良かな; 皆月ひかる; 愛瀬ゆう
8938,Drugged and Gang Raped,SONE-687.mp4,S1 No.1 Style,Japanese,121,河北彩伽
8937,"Go on a Sex Travel! If I Don't Fuck, I'm Not an AV Idol, Am I?! Two Genuine Best Friends' Non-Stop Creampie Pussy Flight☆ in the Southern Islands",MIDA-056.mp4,MOODYZ DIVA,Japanese,200,石原希望; 葵いぶき
8933,"A 2-Day, 1-Night Summer Sex Camp Where Village Men and Women Intertwine! A Wicked Custom Devised by Horny Rural Adults Requires All Young People Moving to the City to Participate.",hhd800.com@HUNTC-162.mp4,Hunter,Japanese,154,Mitsuki Igarashi; 皆月ひかる; 結城のの; 市川りく
8932, <<Rape & Obscenity Leak>> <<Exploitative Club Activity>> Group Bullying of Female Managers / Intercollegiate Top 4 Veteran University Tennis Club / 4 Victims,hhd800.com@STSK-162.mp4,素人39,Western,148,美木ひなの; 一色さら; 神村さつき; 碓井せりな
8930,"All-You-Can-Fuck Anyone with a Flat-Rate Fee! Local Factory Edition - As long as you pay the monthly flat fee, you can fuck anyone you want—female factory workers, office girls, even the president's daughter! 2",HUNTC-303.mp4,Hunter,Japanese,140,由良かな; 椎菜える; 乙アリス; 瀬那ルミナ; 高橋ほなみ
8931,"The Story of How I, Who Was Perfect at Both Studying and Club Activities and Was the Most Popular Girl, Fell to Become the Class's Human Toilet Because of a Single Accident of Wetting Myself",SONE-619.mp4,S1 No.1 Style,Japanese,117,七ツ森りり
8929,"[The Sex Lives of Reiwa Era Schoolgirls] Will Your Female Friends Surprisingly Let You Do It If You Ask? A Sharp Increase in Schoolgirls Having Sex Casually Like It's a Game! When I Asked a Close Female Classmate to Let Me Have Sex With Her, I Easily Got to Do It!",HUNTC-206.mp4,Hunter,Japanese,161,野々宮みさと; 千石もなか; 上川星空; 宇流木さらら
8928,Super Humiliation!! My Wife Who Was Turned Into Everyone's Toy On the Company Trip 6 - Wakana Yatsumori,NSFS-343.mp4,ながえSTYLE,Western,132,八森わか菜
8925,Company Pleasure Trip NTR ~My Wife Was Gang-banged by My Company Superiors Who Couldn't Control Their Libido...~,hhd800.com@JUR-396.mp4,Madonna,Japanese,156,星宮一花
8927,Housewife Samba NTR - A Summer Festival Creampie Carnival Erupts as Men Get Turned On by a Big-Titted Wife in a Risqué Costume for a Podunk Village's Revitalization Project - Maaya Irita,supjav.com@DLDSS-407-UB.mp4,DAHLIA,Japanese,125,入田真綾
8926,The Woman Who Gets Hooked on a Cult and Dedicates Her Body and Soul - Hikaru Miyanishi,gvh-729.mp4,GLORY QUEST,Japanese,168,宮西ひかる
8923,Implantation Organ - Ririka Amou,hhd800.com@HSODA-076.mp4,Hsoda,Japanese,153,Ririka Amau
8924,"The Village's Men and Women Get Entangled in a 2-Day, 1-Night Summer Sex Camp! 2 - A Wicked Custom Devised by Rural Adults Just Because They Want to Have Sex Dictates That Young People Moving to Tokyo Must Participate in the Camp and Receive Sexual Intercourse Training!",hhd800.com@OFES-002.mp4,Hunter,Japanese,161,Rion Izumi; 柏木こなつ; 小島みこ; 桐山結羽
8922,"Original Work: Kakyuu Bushi - I am a Wife, a Mother, and Just a Female - Thoroughly Subjugating a Strong-Willed Housewife! A Perfect Live-Action Adaptation of the Definitive ""Put-in-her-place"" Infidelity Training!!",hhd800.com@URE-126.mp4,熟れコミ,Western,117,逢沢みゆ
8920,Submitted True Story: My Wife Was Gang-Banged 21 ~The Tragedy That Struck a Celebrity Couple~ Ayaka Muto,NSFS-160-4K.mp4,ながえSTYLE,Western,99,武藤あやか
8916,"J-Cup J-Style Beauty Misono Mizuhara Falls into Ecstasy in Front of Her Boyfriend During a Sexually Harassing Rape Examination by a Sadistic Doctor - Corrupt Doctor's Lewd Clinic 2 - The 2nd Collaboration with Ichibocchi, Known for Humiliation & Sensuality",MIMK-160 2024-10-15 1080p DMM WEB-DL H.264 AAC.mkv,まんきつ,Western,118,水原みその
8900,Hard Stop,Hard Stop Adulttime 1080p.mp4,Adult Time,Western,179,Nathan Bronson; Vince Karter; Reagan Foxx; Tommy Pistol; Seth Gamble
8896,TRIPLE COUPLE ORGY GETS CRAZY SO MUCH DOUBLE PENETRATION,"Jack And Jill, Hannah Jo And Hailey Rose - Triple Couple Swap DVP Orgy.mp4",Max Fills,Western,116,Jak Palmer; Max Fills; Hailey Rose; Jill Palmer; Hannah Jo
8895,"Konatsu Kashiwagi, who gets addicted to a cult and devotes her body and soul",GVH-760.mp4,GLORY QUEST,Japanese,150,柏木こなつ
8849,"[Mourning Garb NTR Sex] On the Night Before My Husband's Funeral, Profane Sex with His Best Friend Awakens My Inner Cock-Fiend... and Before I Knew It, It Had Become a Massive Orgy. Nao Ozawa",DLDSS-421.mp4,DAHLIA,Japanese,123,小沢菜穂
8844,"Screaming Humiliation Rape: A Raped Housewife. Her Body Becomes the Price to Cover Up Her Husband's Corruption - Forced Anal, Double Penetration, and a Threesome!! Yuri Adachi",GARA-013.mp4,Global media ANEX,Western,120,足立友梨
8843,Lewd Acts with a Sun-Kissed Beauty at Summer Camp,IBW-758.mp4,I.B.WORKS,Western,159,皆月ひかる; 冬愛ことね; 優木しの; 清野雫; 五十嵐ゆめ
8831,Muse 2 Episode 1: What We Are Missing,Maitland_Ward_Aubrey Kate_Destiny Cruz_Muse 2_Episode 1_What_We_Are_Missing_x265.mp4,Deeper,Western,94,Destiny Cruz; Pierce Paris; Maitland Ward; Aubrey Kate
8746,Tiny Latina Vs Big Cock - Carolina Guerrero,[Fansly-PornForce] Carolina Guerrero - Tiny Latina VS BIG COCK (2025-07-21) [1080p].mp4,FansDB: Pornforce (fansly),Western,123,Carolina Guerrero
8739,,Sasha Grey Pornstar History by FAPBAR 16-9.webm,,Western,97,Sasha Grey
8740,,Sasha Grey Pornstar History by FAPBAR 4-3.webm,,Western,186,
8727,,[Fansly-PornForce] Jadilica - FUCKING A COLLEGE SLUT FOR FUN! [1080p].mp4,,Western,94,
8685,Pretty Fly For A White Guy,ExploitedCollegeGirls 2025-06-05 Lola Cheeks HEVC.mp4,Exploited College Girls,Western,92,Tyler Nixon; Lola Cheeks
8628,Black Friday,TeamSkeetFeatures_Black Friday_1080p.mp4,TeamSkeet Features,Western,114,Chanel Camryn; Kyle Mason; Aubree Valentine; Aften Opal; Penelope Woods
8543,,The 8th Day.Disc1.mkv,,Western,122,
8544,,The 8th Day.Disc2.mkv,,Western,142,
8542,"Fashionistas, Scene #05",The Fashionistas Disc 2 1920X1080 x265.m4v,Evil Angel,Western,125,Manuel Ferrara; Rocco Siffredi; Monique Alexander; Careena Collins; Caroline Pierce
8541,"Fashionistas, Scene #05",The Fashionistas Disc 1 1920X1080 x265.m4v,Evil Angel,Western,128,Manuel Ferrara; Rocco Siffredi; Monique Alexander; Careena Collins; Caroline Pierce
8534,Underworld Scene 1,Underworld Movie.mp4,Wicked,Western,139,Jessica Drake; Steven St. Croix
8506,Sunny Goldmelons - Scene 4,Sunny Goldmelons.mp4,Wicked,Western,121,Nathan Bronson; Melody Marks
8296,The Beautiful Karate Girl Dominated by a Hypno-Trap Ray: Haru Shibasaki,hhd800.com@START-249.mp4,SODSTAR,Japanese,125,柴崎はる
8295,義理の娘は男友達を呼び出して毎日、私を輪姦させています―。,hhd800.com@ROE-369.mp4,MONROE,Japanese,180,須崎美羽; 葉月保奈美
8294,"A Pair of Beautiful Occult-Loving Girls, Indifferent to Men, Are Turned into Female Slaves Who Crave Cock More Than Their Own Friendship Through Double Aphrodisiac Training.",hhd800.com@REAL-917.mp4,REAL,Japanese,129,藤田こずえ; 皆月ひかる
8293,"""Who Is That Girl?"" The Cute College Student Who Went Viral Online Gets Her Home Address Doxxed, Then Is Ambushed, Stalked, Cornered, and Raped.",hhd800.com@MIDA-087.mp4,MOODYZ DIVA,Japanese,133,宮下玲奈
8291,A Hot Springs Trip Where the Entire Department Continuously Gangbangs the New Housewife Employee Until She Becomes Their Human Toilet.,hhd800.com@JUR-275.mp4,Madonna,Japanese,160,めぐり
8290,"Everyone Who Hates This Arrogant Bitch, Assemble! Her Mind Is Broken by a Super-Creep's Persistent and Brutal Gang Rape! The Birth of a Human Spittoon Through a Creampie Orgy! Nia",hhd800.com@DASS-695.mp4,ダスッ！,Western,129,Nia Nacci
8289,"A Beautiful, Slender, Big-Titted College Girl Rammed with a Filthy Cock by an Insatiable Scumbag in His Garbage-Filled Apartment, Penetrated Top and Bottom with Non-Stop Raw Cumshots as She Falls into a Despairing Skewer Rape.",hhd800.com@DASS-688.mp4,ダスッ！,Western,131,五日市芽依
8288,DASS-681,hhd800.com@DASS-681.mp4,Das !,Japanese,145,Rima Arai
8281,DASS-534,DASS-534.mp4,Das !,Japanese,105,Tarao; Waka Misono; Machi Ikuta; Ippei Nakata; Mitsuki Igarashi
8236,"The Sluttiest Hairdresser's Assistant in Gunma - A Hidden Big-Titted Girl Who's Amazing When She Gets Naked - Yukino Nagimiya (22) Pretends to be Plain and Simple but Loves C*ck and Relieves Stress with Sex, But She Can't Play Around With Guys Openly in the Countryside, Reaching Her Horny Limit and Going All Out in an AV Shoot!!",CAWD-839.mp4,kawaii*,Japanese,119,凪宮ゆきの
8229,"Anal – Tyler Tested, Boyfriend Not Approved",ExploitedCollegeGirls.22.11.24.Veronica.Anal.Tyler.Tested.Boyfriend.Not.Approved.XXX.1080p.HEVC.x265.PRT.mp4,Exploited College Girls,Western,105,Tyler Nixon; Veronica Church
8231,Rough Sex – I like It A Good 5 or 6,ExploitedCollegeGirls.22.12.01.Rose.Rough.Sex.I.Like.It.A.Good.5.Or.6.XXX.720p.HEVC.x265.PRT.mp4,Exploited College Girls,Western,93,Tyler Nixon; Rose Carter
8230,Rough Sex – I like It A Good 5 or 6,ExploitedCollegeGirls.22.12.01.Rose.Rough.Sex.I.Like.It.A.Good.5.Or.6.XXX.720p.HEVC.x265.PRT.mkv,Exploited College Girls,Western,93,Tyler Nixon; Rose Carter
8228,This is a Plan B so We Don’t Have to Resort to Plan C,ExploitedCollegeGirls.22.11.17.Maria.This.Is.A.Plan.B.So.We.Dont.Have.To.Resort.To.Plan.C.XXX.1080p.HEVC.x265.PRT.mp4,Exploited College Girls,Western,90,Mitt Aziani; Maria Anjel
8227,"Shy & Soft Spoken, Flexible High School Cheer Team Sweetheart",ExploitedCollegeGirls.22.11.10.Sylvie.XXX.1080p.HEVC.x265.PRT.mp4,Exploited College Girls,Western,91,Tyler Nixon; Leila Cove
8226,"Shy & Soft Spoken, Flexible High School Cheer Team Sweetheart",ExploitedCollegeGirls.22.11.10.Sylvie.Shy.Soft.Spoken.Flexible.High.School.Cheer.Team.Sweetheart.1080p.x265.PRT.mp4,Exploited College Girls,Western,91,Tyler Nixon; Leila Cove
8224,My Boyfriend’s Not Going To Find Out. Sorry Babe LOL!,ExploitedCollegeGirls.22.11.03.Chloe.My.BoyfriendS.Not.Going.To.Find.Out.Sorry.Babe.LOL.XXX.720p.HEVC.x265.PRT.mkv,Exploited College Girls,Western,99,Tyler Nixon; Chloe Rose
8225,Sweet Petite Unassuming Slut,ExploitedCollegeGirls.22.10.27.Cheri.Sweet.Petite.Unassuming.Slut.XXX.1080p.HEVC.x265.PRT.mp4,Exploited College Girls,Western,95,Mitt Aziani; Cheri Foxx
8222,"Carpe Diem, Go For It Girl",ExploitedCollegeGirls.22.10.13.Skyla.Carpe.Diem.Go.For.It.Girl.XXX.1080p.HEVC.x265.PRT.mp4,Exploited College Girls,Western,119,Tyler Nixon; Skyla Sun
8221,Definition Of A Little Spinner,ExploitedCollegeGirls.22.10.06.Amber.XXX.720p.HEVC.x265.PRT.mp4,Exploited College Girls,Western,92,Amber Summer; Mitt Aziani
8220,Definition Of A Little Spinner,ExploitedCollegeGirls.22.10.06.Amber.XXX.1080p.HEVC.x265.PRT.mp4,Exploited College Girls,Western,92,Amber Summer; Mitt Aziani
8223,Expectations . . . Met Them,ExploitedCollegeGirls.22.10.20.Emma.Expectations.Met.Them.2048.XXX.1080p.HEVC.x265.PRT.mkv,Exploited College Girls,Western,100,Tyler Nixon; Emma Bugg
8219,"1st 3Some Ever, 2 Creampies, 2 Facials - Epic",ExploitedCollegeGirls.22.09.22.Lila.Love.1st.3Some.Ever.2.Creampies.2.Facials.Epic.XXX.1080p.HEVC.x265.PRT.mp4,Exploited College Girls,Western,102,Tyler Nixon; Lila Love; Mitt Aziani
8218,Inexperience. There Is No Substitute,ExploitedCollegeGirls.22.09.08.Dani.Inexperience.There.Is.No.Substitute.XXX.1080p.HEVC.x265.PRT.mp4,Exploited College Girls,Western,112,Tyler Nixon; Dani Diaz
8217,So You’re Saying There’s A Chance,ExploitedCollegeGirls.22.08.25.Dylan.So.Youre.Saying.Theres.A.Chance.XXX.1080p.HEVC.x265.PRT.mp4,Exploited College Girls,Western,123,Tyler Nixon; Dakota Divilla
8216,Kinda Wish I Was In There Myself,ExploitedCollegeGirls.22.08.18.Maude.Kinda.Wish.I.Was.In.There.Myself.XXX.1080p.HEVC.x265.PRT.mp4,Exploited College Girls,Western,96,Tyler Nixon; Maude Munson
8215,Kinda Wish I Was In There Myself,ExploitedCollegeGirls.22.08.18.Maude.Kinda.Wish.I.Was.In.There.Myself.XXX.720p.HEVC.x265.PRT.mp4,Exploited College Girls,Western,96,Tyler Nixon; Maude Munson
8209,I Don’t Even Let My Boyfriend Cum In Me,ExploitedCollegeGirls.22.07.07.Lila.XXX.1080p.HEVC.x265.PRT.mkv,Exploited College Girls,Western,92,Tyler Nixon; Lila Love
8204,I Love Giving Head. Favorite Thing,!ExploitedCollegeGirls.22.09.15.Kylie.I.Love.Giving.Head.Favorite.Thing.XXX.1080p.HEVC.x265.PRT.mp4,Exploited College Girls,Western,96,Tyler Nixon; Kylie Shay
8070,,[Fansly-DrilledPorn] She Just Turned 18 - Small Latina Takes Massive Cock (2025-06-23) [1080p].mp4,DrilledPorn,Western,115,
8056,,[Fansly-DrilledPorn] She Took Him For A Ride (2025-07-26) [1080p].mp4,DrilledPorn,Western,98,
8053,,[Fansly-DrilledPorn] Mellsblanco - Latinas Do It Best - She Fucked Him All Night (2025-06-02) [1080p].mp4,DrilledPorn,Western,117,
8054,,[Fansly-DrilledPorn] Please Don't Deport Her (2025-07-02) [1080p].mp4,DrilledPorn,Western,97,
7883,"To think that because of pathetic me, drowning in debt, my precious wife and two daughters were being used as sex-processing meat toilets for a yakuza old man with inexhaustible virility...",SDMU-999 - 星あめり 宇野栞菜 るるちゃ。 - 3人 [借金まみれの情けないオレのせいで大切な妻と娘二人が絶倫極道オヤジの性…].mp4,SOD Create,Japanese,134,星あめり; Rurucha; 宇野栞菜
7839,"First Creampie, After-School Drive - Rei Kururugi",[SDAB-177] - Beautiful Young 145cm Girl Gets Her Pussy And Throat Fucked Close Up And Hard By A Large Older Man [1080pMP4] (2021-04-06).mp4,,Western,123,Rei Kuruki
7777,Pirates 2 - Scene 1,Pirates.II.Stagnettis.Revenge.2008.1080p.BluRay.x265.DD.5.1-LSt.mkv,Blockbuster,Western,137,Mick Blue; James Deen; Shay Jordan
7721,,DigitalPlayground - Flesh house of hedonism.mp4,,Western,191,
7316,The Beach House Where You Can Creampie Any Pussy You Like Anytime: Slut Edition,HNDS-042.mp4,本中,Western,116,Hibiki Otsuki; Mikako Abe; Ai Uehara; Yui Hatano; 初美沙希
7306,,START-185.mp4,,Western,120,
7226,"""I... I'm going to be violated and continuously bred by my shut-in classmate and his family... Yes, every day from now on..."" - Mitsuki Nagisa",APNS-337.mp4,AURORA PROJECT,Western,124,渚みつき
7222,JUQ-072,JUQ-072.mp4,Madonna,Japanese,119,Ai Mukai
7220,,IllTakeTwo_1080p.mp4,,Western,134,
7219,"My Mistress, Whom I Chose for Her Looks, is an Insanely Lewd, Sex-Crazed Fiend ~A Battle for My Cock and a Creampie Fuckfest Between Beautiful Women Who Crave It~ Ren Hibiki, Yuuhi Shidara",EBWH-090-Decensored.mp4,E-body,Western,119,Futaba Kurimiya; Ren Hibiki
7218,Lola's First Threesome,ecg - Lola & Raven.mp4,Exploited College Girls,Western,91,Tyler Nixon; Raven Lane; Ashlyn Angel
7215,Bedroom Threesome W/ Artemisfit,Bedroom Threesome W Artemisfit - 2021.04.15 - 2699165 - 1080p.mp4,Jack_and_Jill,Western,128,Jak Palmer; Jill Palmer
7213,CJOD-222,CJOD-222-Decensored.mp4,Chijo Heaven,Japanese,120,
7007,Her Painal Pleasure Symphony,955 - 2022.02.10 - Her Painal Pleasure Symphony.mp4,Exploited College Girls,Western,97,Tyler Nixon; Corra Cox
7006,Orgasms – A Life Worth Living,956 - 2022.02.17 - Orgasms - A Life Worth Living.mp4,Exploited College Girls,Western,124,Tyler Nixon; Lumi Ray
7003,Aarora and Leana Threesome,949 - 2021.12.30 - Aarora and Leana Threesome.mp4,Exploited College Girls,Western,101,Leana Lovings; Aarora Fire
7001,Unfamiliar Pussy's so Good,950 - 2022.01.06 - Unfamiliar Pussy's so Good.mp4,Exploited College Girls,Western,103,Tyler Nixon; Maddy Maguire
6996,Amber Adams,944 - 2021.11.25 - Amber Adams.mp4,Exploited College Girls,Western,91,Tyler Nixon; Amber Adams
6998,Josie,945 - 2021.12.02 - Josie.mp4,Exploited College Girls,Western,91,Tyler Nixon; Josie Boo
6991,Lindsey Lane,941 - 2021.11.04 - Lindsey Lane.mp4,Exploited College Girls,Western,115,Tyler Nixon; Lindsey Lane
6994,Reese Robbins,943 - 2021.11.18 - Reese Robbins.mp4,Exploited College Girls,Western,103,Tyler Nixon; Reese Robbins
6992,Tess Tango,940 - 2021.10.28 - Tess Tango.mp4,Exploited College Girls,Western,90,Tyler Nixon; Tess Tango
6988,Luna Mars,938 - 2021.10.14 - Luna Mars.mp4,Exploited College Girls,Western,112,Tyler Nixon; Luna Mars
6987,Stella Sedona,935 - 2021.09.23 - Stella Sedona.mp4,Exploited College Girls,Western,106,Tyler Nixon; Stella Sedona
6983,Mella,933 - 2021.09.09 - Riding The Edging Wave.mp4,Backroom Casting Couch,Western,107,Mitt Aziani; Kallie Taylor
6980,Aarora Fire,931 - 2021.08.26 - Aarora Fire.mp4,Exploited College Girls,Western,109,Tyler Nixon; Aarora Fire
6981,Rose Wylde,929 - 2021.08.12 - Rose Wylde.mp4,Exploited College Girls,Western,101,Tyler Nixon; Rose Wylde
6976,Gracie Gates,926 - 2021.07.22 - Gracie Gates.mp4,Exploited College Girls,Western,92,Jake Adams; Gracie Gates
6975,River Lynn,923 - 2021.07.01 - River Lynn.mp4,Exploited College Girls,Western,102,River Lynn; Jake Adams
6978,Roxy,925 - 2021.07.15 - Roxy.mp4,Exploited College Girls,Western,114,Jake Adams; Roxy Belle
6970,Asteria Diamond,919 - 2021.06.03 - Asteria Diamond.mp4,Exploited College Girls,Western,94,Jake Adams; Asteria Diamond
6967,Bree Star,917 - 2021.05.20 - Bree Star.mp4,Exploited College Girls,Western,98,Jake Adams; Bree Star
6968,Madison Summers,915 - 2021.05.06 - Madison.mp4,Exploited College Girls,Western,105,Jake Adams; Madison Summers
6962,Jasmine Wilde,911 - 2021.04.08 - Jasmine Wilde.mp4,Exploited College Girls,Western,97,Jake Adams; Jasmine Wilde
6963,Roxy,912 - 2021.04.15 - Roxy.mp4,Exploited College Girls,Western,92,Jake Adams; Roxy Belle
6964,Tasha,913 - 2021.04.22 - Tasha.mp4,Exploited College Girls,Western,99,Jake Adams; Tasha
6960,Bella Mercury,908 - 2021.03.18 - Bella Mercury.mp4,Exploited College Girls,Western,96,Jake Adams; Yumi Sin
6956,Amber Moore & Lena Ashworth 3way,904 - 2021.02.18 - Amber Moore & Lena Ashworth 3way.mp4,Exploited College Girls,Western,105,Jake Adams; Lena Ashworth; Amber Moore
6955,Honey Hayes,906 - 2021.03.04 - Honey Hayes.mp4,Exploited College Girls,Western,94,Jake Adams; Honey Hayes
6954,Lena Ashworth,903 - 2021.02.11 - Lena Ashworth.mp4,Exploited College Girls,Western,91,Jake Adams; Lena Ashworth
6957,Zerella Skies,905 - 2021.02.25 - Zerella Skies.mp4,Exploited College Girls,Western,92,J. Jay; Zerella Skies
6953,Amber Moore,902 - 2021.02.04 - Amber Moore.mp4,Exploited College Girls,Western,101,Amber Moore
6952,Asia Oakley,900 - 2021.01.21 - Asia Oakley.mp4,Exploited College Girls,Western,118,Jake Adams; Asia Rivera
6951,Fiona Frost Sabrina Snow 3way,899 - 2021.01.14 - Fiona Frost Sabrina Snow 3way.mp4,Exploited College Girls,Western,125,Fiona Frost; Jake Adams; Alex Kane
6947,Emma Blanco,895 - 2020.12.17 - Emma Blanco.mp4,Exploited College Girls,Western,92,J. Jay; Emma Blanco
6948,Fiona Frost,897 - 2020.12.31 - Fiona Frost.mp4,Exploited College Girls,Western,120,Fiona Frost
6937,Selina Bentz,886 - 2020.10.29 - Selina Bentz.mp4,Exploited College Girls,Western,97,Jake Adams; Selina Bentz
6931,Bri Klein Pt 2,881 - 2020.10.08 - Bri Klein Pt 2.mp4,Exploited College Girls,Western,91,Bri Klein
6932,Hazel Heart Anal,880 - 2020.10.01 - Hazel Heart Anal.mp4,Exploited College Girls,Western,105,J. Jay; Hazel Heart
6930,Sophia Sweet,879 - 2020.09.24 - Sophia Sweet.mp4,Exploited College Girls,Western,96,Jake Adams; Sophia Sweet
6929,Bailey Base,878 - 2020.09.17 - Bailey Base.mp4,Exploited College Girls,Western,96,Jake Adams; Bailey Base
6922,Andi Rose Anal,872 - 2020.08.13 - Andi Rose Anal.mp4,Exploited College Girls,Western,101,Andi Rose; Jake Adams
6926,Maddy May,875 - 2020.08.27 - Maddy May.mp4,Exploited College Girls,Western,96,J. Jay; Delilah Day; Maddy May
6919,Remi Jones and Hazel Heart 3way,869 - 2020.07.30 - Remi Jones and Hazel Heart 3way.mp4,Exploited College Girls,Western,92,J. Jay; Hazel Heart; Remi Jones
6912,Katie Carmine,861 - 2020.06.25 - Katie Carmine.mp4,Exploited College Girls,Western,90,J. Jay; Katie Carmine
6913,Kayley Gunner,862 - 2020.07.02 - Kayley Gunner.mp4,Exploited College Girls,Western,96,Jake Adams; Kayley Gunner
6906,Destiny Cruz,853 - 2020.05.21 - Destiny Cruz.mp4,Exploited College Girls,Western,94,Jake Adams; Destiny Cruz
6904,Remi Jones,855 - 2020.05.28 - Remi Jones.mp4,Exploited College Girls,Western,118,J. Jay; Hazel Heart; Remi Jones
5576,Our class of unpopular guys decided on a culture-festival booth… a strip Twister game! We’re the low-scorers who came up with this culture-festival idea: a super-body-contact Twister game.,HUNTC-236ch.mp4,Hunter,Japanese,243,谷あづさ; 二宮もも; 涼風えみ; 愛神ハンナ; 音羽美鈴
5276,,[Fansly-DrilledPorn] Spit In My Mouth! - Hot Couple Dominates Each Other (2025-07-08) [1080p].mp4,,Western,93,
5034,"To Think That My First Girlfriend Was a Slutty Fucking Bitch Known in Her Hometown as the ""Public Meat Urinal""... Yuuhi Shidara",CAWD-764-Decensored.mp4,kawaii*,Japanese,176,Futaba Kurimiya
5033,Pigalle orgy,DORCEL.2025.Pigalle.MULTI.1080p-VERIFIED.mp4,Dorcel Club,Western,108,Gal Ritchie; Jimmy Bud; Matthew Meier; Shalina Devine; Tommy Cabrio
4811,Alex Coal's First 3some with JackandJill,Alex Coal - Jack n Jill Alex Coal - First Fuck Fest.mkv,Jack_and_Jill,Western,112,Jak Palmer; Jill Palmer; Alex Coal
4716,Double Squirt Threesome,Jack_and_Jill_Double-Squirt-Threesome.mp4,Jack_and_Jill,Western,99,Jak Palmer; Sofia Jade; Josie Sofija
4549,Broken Butterfly - The Perfect Shade Of Blu,hollyrandall.24.12.31.jewelz.blu.broken.butterfly.xxx.1080p.mp4-mami[pt].mp4,Holly Randall,Western,93,Codey Steele; Lexi Luna; Lumi Ray; Casey Calvert; Jewelz Blu
4545,SDNT-007,"[Uncensored Leak] SDNT-007, Akari Terayama, Married woman forced by husband to film an adult video.mp4",SOD Create,Japanese,137,Miyu Kanesaki
4533,Clout ,Wicked Pictures.2025.Clout.1080p-VERIFIED.mp4,Wicked,Western,178,Ryan Driller; Jewelz Blu; Gizelle Blanco
4532,,Vixen.2025.Threesome Fantasies Vol. 15.1080p-VERIFIED.mp4,,Western,177,
4525,Razorblade Mermaid,Razorblade Mermaid [Supermassive 2022].mp4,Supermassive,Western,113,
4521,Face Squirting Group Sex Show,OnlyFans.23.03.21.Jack.And.Jill.Val.Steele.Mary.Vienna.And.LillyyLuna.Hottest.Group.Sex.Squirting.XXX.1080p.mp4,Manyvids: Jack And Jill,Western,126,Jak Palmer; Valerica Steele; Lillyy Luna; Mary Vienna
4518,House Of Love & Lustery Episode 2,Lustery - E1523 - House of Love and Lustery - Episode 2.mp4,Lustery,Western,95,Curved Marvin; Clarke Kent; Josie Boo; Karmann; Esluna Love
4515,"Daisy’s First FFM Threesome, No Sex In 4 years",JackandJill - Daisy Luu & Lillyyluna - So Many Firsts.mp4,JackandJillVR,Western,103,Jak Palmer; Lillyy Luna; Daisy Luu
4517,House Of Love & Lustery Episode 1,Lustery - E1516 - House of Love and Lustery - Episode 1.mp4,Lustery,Western,93,Multiple Couples
4514,Petite Sunroom Threesome,Jack_and_Jill_Petite-Sunroom-Threesome.mp4,Manyvids: Jack And Jill,Western,98,Jak Palmer; Theodora Day; Dakota Tyler
4513,Bff: Their First 3Some Together,Jack_and_Jill - BFF Their First 3some Together.mp4,JackandJillVR,Western,107,Jak Palmer; Jill Palmer; Spicymarii; Rita Stark
4512,"Hot 3Some, 2 Cumshots, BTS Shower Scene",Jack and Jill - Alex Coal x Mayaa 2 cumshots BTS Shower Scene 2023.mp4,Manyvids: Jack And Jill,Western,109,Jak Palmer; Maya Rue; Alex Coal; Maya Sinn
4510,"""Don't Touch My Daughter!"" ""Alright... We'll ONLY Cum Inside Your Daughter!"" A Daughter Forced to Take Facials, Throat-Shots, and Creampies Until Her Entire Body Is Covered in Filth, Right in Front of Her Mother",HUNBL-069.mp4,Hunter Black,Japanese,111,Yurika Aoi; Yumina Hirosaki; Meari Tsuji; Rion Izumi; Mio Ichijo
4506,Shy & Sweet Girl Next Door Gets Degraded Taking 1st BBC,BBCSurprise.24.11.09.Thea.mp4,BBC Surprise,Western,101,Isiah Maxwell; Thea Summers
4445,Joey And Sami White 5Way Remastered + BTS,1110 - 2024.12.24 - Joey Amber Sami BTS - 19y.mp4,Exploited College Girls,Western,142,Jake Adams; Sami White; Joey White; Naomi Swann
4444,"We Will Now Rape This Entire Family - Ota Ward, Den-en-ch*fu",avop453.HD.mp4,REAL,Japanese,176,森崎りか; 高杉麻里; 近藤郁美; 枢木あおい; 音琴るい
4443,"Live-action edition – Homeless Village I II III IV: Complete collection, 100,000 copies sold. A scandalous work, now on film.",MIMK-165.mp4,Mankitsu,Western,152,Mei Satsuki; Ena Satsuki
4413,Trailer Park Taboo - Part 1,Puretaboo.18.04.Trailer.Park.Taboo.mp4,Pure Taboo,Western,232,Kenzie Reeves; Small Hands; Joanna Angel
4271,Half His Age - Part 3,Puretaboo.17.09.Kristen.Scott.And.Jill.Kassidy.Half.His.Age.mp4,Pure Taboo,Western,190,Charles Dera; Xander Corvus; Jill Kassidy; Small Hands; Kristen Scott
4179,Anne - Act Three: The Scam,puretaboo- Anne A Taboo Parody (2018).mp4,Pure Taboo,Western,276,Steve Holmes; Seth Gamble; Casey Calvert; Elena Koshka; Derrick Pierce
4162,"Neighborhood Association Swapping NTR Orgy Hot Springs Trip: 3 Bored Married Couples Get Wild on Their Neighborhood Trip, Escalating into a Spouse-Swapping 6P Sex Party!",hhd800.com@OFSD-025.mp4,オフサイド,Western,166,野々宮みさと; 椿りか; 水瀬さな
4159," For My Husband's Sake... The Married Office Lady Turned into a Throat-F*cking, Gulping, Irrumatio-Exclusive Cock Case and Broken",MIAB-357ch.mp4,みんなのキカタン,Western,143,Miyu Kanesaki
4160,"Found at a hot spring inn deep in the mountains, adorable students on a school trip.",mum100B.HD.wmv,MINIMUM,Western,122,石原あい; 愛須心亜; 大桃りさ; 春日野結衣; 南梨央奈
4158,The Adorable Schoolgirls I Found on Their School Trip at a Hot Spring Inn Deep in the Mountains.,mum100A.HD.wmv,MINIMUM,Western,121,石原あい; 愛須心亜; 大桃りさ; 春日野結衣; 南梨央奈
4161,【※Ultimate Tragic News※】 The P-Katsu Gal Imprisoned in a Pervert's Home Was Violated Daily as a Sex Toy and Her Life is Now Over... Miu Wakui,GVH-630.mp4,GLORY QUEST,Japanese,148,
4157,"Hostage ""Rape"" Gangbang: The Unattainable Housewife, Sayaka, Becomes the Bank Robbers' Creampie Flesh Slave.",hhd800.com@JUR-383.mp4,Madonna,Japanese,128,
4155,,[URE-049] (English subbed).mp4,,Western,171,
4156,Exclusive Ririko Kinoshita Writhes and Cums in Immoral Mother-Son Incest!! Original Work: gonza - The Day I Mounted My Son ~A Mother and Son's Sex Tape Records~,[URE-073] (English subbed).mp4,熟れコミ,Western,228,Ririko Kinoshita
4153,"Masterpiece Revival!! A New Live-Action Adaptation of an Early Work from the Popular Comic ""Stepfather"" Series, Originally by Naruco Chuka!! Stepfather ~Yuriko~ Hotaru Mori",[URE-043] (English subbed).mp4,熟れコミ,Western,180,
4154,WANZ-436,[WANZ-436] (English subbed).mp4,Wanz Factory,Japanese,118,Aimi Yoshikawa
4150,I Couldn't Stand My Childhood Friend's Defenseless Body After She Became My Sister-in-Law and Crossed the Line. Kana Yume,[SSPD-164] (English subbed).mp4,SUPER SPECIAL,Western,115,
4152,"Madonna Exclusive - A Lewd Live-Action Adaptation of a Married Woman's Shameful State, Exposed to the Desires of a Young Man!! Original Work: MILF Shobo - Cuckolding My Yearned-For Aunt - Ayumi Miura",[URE-057] (English subbed).mp4,熟れコミ,Western,177,Ryo Ayumi
4151,"The Origin of Manga Artist Naruco Chuka!! Stepfather ~Atsuko~ Misaki Honda, Mao Hamasaki",[URE-015] (English subbed).mp4,熟れコミ,Western,237,
4148,"""Honey... The Reason Our Inn is Thriving is Because I'm Providing Creampie Hospitality"" - Iori Furukawa",[STARS-298] (English subbed).mp4,SOD Create,Japanese,134,Iori Kogawa
4149,"My Daughters' Innocent Panty Flashes Got My Cck, Which Had Forgotten About Sex, Going Again! The Super Horny Daughters Couldn't Hold Back, So They Secretly Climbed on Papa's Cck and F*cked Him Without Mama Finding Out!",[SW-356] (English subbed).mp4,SWITCH,Western,179,
4146, I Couldn't Hold Back at the Sight of My Brother's Wife's Bra Showing Through Her Wet Clothes and Unleashed Everything on a Sudden Evening of Torrential Rain. Tsukasa Aoi,[SSNI-866] (English subbed).mp4,S1 No.1 Style,Japanese,119,
4147,SSNI-895,[SSNI-895] (English subbed).mp4,S1 No. 1 Style,Japanese,118,Amin Nina
4144,"I'm a ""Man-Child"" (A Working Adult). I Use My Mother To Satisfy My Sexual Urges. 8 Rounds of Endless Creampies - Pink Family VOL.19 Rieko Hiraoka",[SDMF-017] (English subbed).mp4,,Western,102,
4142,SDDE-385,[SDDE-385] (English subbed).mp4,SOD Create,Japanese,128,Kana Morisawa
4143,SNIS-058,[SNIS-058] (English subbed).mp4,S1 No. 1 Style,Japanese,116,Saki Okuda
4145,SOE-936,[SOE-936] (English subbed).mp4,S1 No. 1 Style,Japanese,118,Akiho Yoshizawa
4141,Brother-Sister Intercourse Seminar - Creampie Special,[SDDE-381] (English subbed).mp4,SENZ,Western,123,
4140,Simultaneous Mother-Daughter Incest,[RCTD-146] (English subbed).mp4,ROCKET,Western,133,
4139,My Girlfriend's Older Sister Seduces Me with Her Big Tits and by Allowing Creampies - Maron Natsuki,[PPPD-876] (English subbed).mp4,Oppai,Japanese,117,Maron Natsuki
4137,PPPD-807,[PPPD-807] (English subbed).mp4,Oppai,Japanese,118,Eimi Fukada
4138,"The Pregnancy-Praying, Child-Blessing Hot Spring a Mother and Son Go To: A Beautiful Mom's Incestuous Creampie-Filled Bus Tour",[RCT-429] (English subbed).mp4,ROCKET,Western,137,
4135,PPPD-687,[PPPD-687] (English subbed).mp4,Oppai,Japanese,119,Julia Boin
4136,PPPD-695,[PPPD-695] (English subbed).mp4,Oppai,Japanese,147,Julia Boin
4130,,[NSPS-318] (English subbed).mp4,,Western,105,
4134,I Want to Reliably Impregnate My Son's Big-Titted Wife - Ayumi Shinoda,[PPPD-490] (English subbed).mp4,Oppai,Japanese,118,Ayumi Shinoda
4132,My Girlfriend's Older Sister Seduces Me with Her Big Tits and by Allowing Creampies - Anri Okita,[PPPD-451] [English subtitle].mp4,Oppai,Japanese,118,Anri Okita
4133,My Girlfriend's Older Sister Seduces Me with Her Big Tits and by Allowing Creampies - Asahi Mizuno,[PPPD-481] [English Subtitle].mp4,Oppai,Japanese,116,Asahi Mizuno
4131,My Girlfriend's Older Sister Seduces Me with Her Big Tits and by Allowing Creampies - Meguri,[PPPD-355] (English subbed).mp4,Oppai,Japanese,118,
4127,MIGD-702,[MIGD-702] (English subbed).mp4,MOODYZ GATI,Japanese,118,Mikako Abe; Ai Uehara
4129,My Aunt's Body is Too Damn Pleasurable Part 2 ~My Aunt Had a Superb Vagina~ Hana Haruna,[MIMK-084] (English subbed).mp4,まんきつ,Western,117,
4128,"My Little Sister, Continuously Begging Me for Help While Being Cuckolded and Creampied From Behind by Creepy Guys - Yuna Himekawa",[MIGD-771](English subbed).mp4,MOODYZ GATI,Japanese,118,Yuna Himekawa
4124,My Beloved Little Sister Was Forced into an Unwanted Marriage with a Middle-Aged Geezer - Akari Mitani,[MIAE-162] (English subbed).mp4,,Western,118,
4126,"The Former Slut Aunt is So Erotic That Her Super-Studious Nephew Turns into a Sex Monster! The Never-Pull-Out, Impregnating, Super-Virile Hold That She Absolutely Cannot Escape - Meguri",[NITR-333] (English subbed).mp4,NITRO,Western,138,二宮和香
4125,"The Former Slut Aunt is So Erotic That Her Super-Studious Nephew Turns into a Sex Monster! The Never-Pull-Out, Impregnating, Super-Virile Hold That She Absolutely Cannot Escape - Meguri",[MEYD-605] (English subbed).mp4,溜池ゴロー,Western,118,
4122,NGR -NAGASARE (Swept Away)- The Bride Who Learned of Her First Climax After Being Violated by Her Brother-in-Law - Ririko Kinoshita,[JUL-668] (English subbed).mp4,Madonna,Japanese,143,Ririko Kinoshita
4123,Tropical Night - Ria Kashii,[MEYD-296] (English subbed).mp4,溜池ゴロー,Western,118,
4120,A Forbidden Relationship with My Girlfriend's Older Sister - Alice Miyuki,[IPZ-274] (English subbed).mp4,IDEAPOCKET,Japanese,180,
4121,That Popular Comic Finally Gets a Live-Action Adaptation!! Stepfather ~Yuriko~ Nao Mizuki,[JUC-445] (English subbed).mp4,Madonna,Japanese,148,
4119,The Affair I'm having with my girlfriend's Sister Tsubasa Amami,[IPZ-157] (English subbed).mp4,Idea Pocket,Western,160,Tsubasa Amami
4117,IPX-641,[IPX-641] (English subbed).mp4,Idea Pocket,Western,115,Karen Kaede
4118,IPX-784,[IPX-784] (English subbed).mp4,Idea Pocket,Western,120,Minami Aizawa
4115,Humiliating Rape of Being Made to Cum Over and Over by the Scumbag Stepfather I Wish Would Die - Mercilessly Forcing His Cock into His Own Child for a Forced Orgasm! Tsumugi Akari,[IPX-555] (English subbed).mp4,IDEAPOCKET,Japanese,117,
4114,Mama's Realistic Sex Education - Mio Kimijima,[GVH-139] (English subbed).mp4,GLORY QUEST,Japanese,125,Mio Kimijima
4113,Mother Child Fucking Yui Hatano,[GVG-526] (English subbed).mp4,GLORY QUEST,Japanese,124,Yui Hatano
4112,"Overly-Sexed Sisters Hooked on the Pleasure of Being Creampied in a Rpe, Seeking Even More Creampie Ccks",[HAR-077] (English subbed).mp4,HARDEST,Western,120,NIMO
4116,The Nasty Cowgirl Of An Older Sister Wearing Pantyhose - Minami Aizawa,[IPX-620] (English subbed).mp4,Idea Pocket,Western,182,Minami Aizawa
4111,Bad Mother 4 -The Neat And Clean Mother Who Is Fucked And Disciplined By A Brat Until She Becomes A Sperm Tank,[DVDES-910] (English subbed).mp4,Deep’s,Western,180,Kaho Shibuya
4110,Precocious Classmates Targeting My Titty Mom 6 ~My Mom Gets Cuckolded and Begs for Pregnancy...!!~ Chitose Nanakusa,[DVDES-880] (English subbed).mp4,Deep’s,Western,142,
4109,"Cuckold Living with My Big-Titted Aunt and Precocious Virgin Nephew 2 ~A Wife of Child-Bearing Age, Secretly Made to Cum Around the Clock by a Constantly Erect Kid's C*ck Behind Her Husband's Back~ Mio Kayama",[DVDES-861] (English subbed).mp4,Deep’s,Western,138,香山美桜
4108,I Ended Up Doggy-Style Breeding-Pressing My Beautiful Little Sister Who Seduced Me With Her Big Ass. Aya Sasanami,[DASD-439] (English subbed).mp4,ダスッ！,Western,118,
4107,"""Come Over Here and Let's Get Lewd"" - My Childhood Friend Was in the Middle of a Lesbian Session with Her Tutor! I Couldn't Help But Peek and Thought I'd Get Caught and Yelled At, But Thanks to the Tutor's God-Tier Assist, It Turned Into an Unbelievable 3P.",HUNTB-589.mp4,Hunter,Japanese,134,Ena Satsuki
4106,"A 200% Intimate, Grand Harem Orgy with 10 Cute Female Classmates on the School Trip! We're Holed Up in Our Room During the Trip, But We Have to Make Some Memories...",HUNTC-024.mp4,Hunter,Japanese,175,渚みつき; 藤田こずえ; 皆月ひかる; 涼花くるみ; 日翠こあ
4105,Implantation Organ - Miyu Aizawa,hhd800.com@HSODA-070.mp4,Hsoda,Japanese,151,
4104,"More Than Childhood Friends, Less Than an Affair. I Woke Up and Had an Unbelievable Physical Relationship with My Two Married Childhood Friends!? But, Since I Had No Memory of F*cking, I Begged for One More Go and...",hhd800.com@HNTRZ-013.mp4,Hunter,Japanese,121,
4103,Mommies Know Best: Gorgeous MILFs Train Disobedient Young Girls,45960 Mommies Know Best [Compilation].mkv,Families Tied,Western,127,Ramon Nomar; Cherie DeVille; Abella Danger; Juan Lucho; India Summer
4028,Commissioned R*pe: Break-in Intercourse Consignment Club - Tsubaki,hhd800.com@BONY-154.mp4,BONITA,Western,132,
4027,Today's Prey is This Mother and Daughter: 24-Hour Squatting R*pe 03,hhd800.com@BONY-145.mp4,BONITA,Western,140,
4025,Commissioned R*pe: Break-in Intercourse Consignment Club - Yukari,hhd800.com@BONY-144.mp4,BONITA,Western,120,
4026,Today's Prey is This Mother and Daughter: 24-Hour Squatting R*pe 01,hhd800.com@BONY-123.mp4,BONITA,Western,118,Yurika Aoi
4022,Brainwashing Defilement Classroom: The Hellish Brainwashing Classroom Where Female Students Are Abused,HUBLK-027.mp4,Hunter Black,Japanese,137,桜井千春; 天乃のあ; 伊織ひなの
4008,"[Leaked Footage] An 8-Man & Woman Orgy in an Adult Table Tennis Club: The Tsubomi & Rion Edition. Featuring Mizuki, Koharu, Tsubomi, and Rion.",hhd800.com@STCV-574.mp4,素人CLOVER,Western,91,Rion Izumi; 望月つぼみ
4007,Neighborhood Camp NTR: Shocking Affair Footage of My Wife Getting Creampied Inside a Tent,JUR-326ch.mp4,Madonna,Japanese,118,Sui Tsukinoe
4006,Swim Club Advisor Outdoor Rape ~I Was Continuously Passed Around by My Students at the Training Camp~ Hinano Miki,hhd800.com@GVH-750.mp4,GLORY QUEST,Japanese,160,
4005,The Onsen Trip Where the Entire Department Continuously Gang-Bangs the Mid-Career Married Female Employee Until She Becomes a Meat Urinal,hhd800.com@JUR-345.mp4,Madonna,Japanese,146,
4004,The Flexible Office Lady Disciplined for 2 Hours Every Morning by a Group of Gropers - Ayami Mori,hhd800.com@FNS-077.mp4,FALENO,Japanese,124,
4003,"The walk home from school is long, so I'm always holding in my pee.",hsoda-025.mp4,Hsoda,Japanese,163,
3995,Aesthetic Store Secret Special Service,Tokyo Hot n1198.mp4,Tokyo-Hot,Japanese,98,Kotomi Shinosaki; Nanami Mizusaki
3996,Beautiful Married Woman's Toilet Women - Shameful Nakadashi Battle Royale,JUQ-556.mp4,Madonna,Japanese,135,Sumire Mizukawa; Rio Kuriyama; Nami Okimiya; Masatoshi Kuroda; Yuki Takeuchi
3992,Asian schoolgirl throats it before fucking it,SMBD-137.mp4,SchoolGirls HD,Western,119,Rara Unno
3993,Hot Girlfriends Picked Up and Destroyed in an Epic Orgy - Bleached Raw,Matty & Zoe Doll - Hot Girlfriends Picked Up And Destroyed In An Epic Orgy - Bleached Raw - Ep 25 (16.08.2022)_1080p.mp4,Porn Force,Western,110,Zoe Doll; Matty Mila Perez
3991,Hotel Woman Group Molestation 4 ~Female Housekeepers Broken by Brutal Acts~,STSK-118 ホテルウーマン集団わいせつ4～鬼畜行為で壊された女性客室係～.mp4,素人39,Western,175,大浦真奈美; 戸川なみ; 都月るいさ; 新村あかり
3989,Natural High Midsummer Humiliation Special: The Collapsed PTA - Group Cunt-Spreading Punishment for the Parents Who Falsely Accused a Teacher,NHDTA-712.mp4,Natural High,Western,199,Chie Aoi; 佐伯かのん; 仲村茉莉恵; 千乃あずみ
3985,DASS-272,DASS-272.mp4,Das !,Japanese,119,Ichika Matsumoto
3988,Fuck Sanctum,Fuck Sanctum [Supermassive 2022].mp4,Supermassive,Western,99,
3983,,3482842_2.mp4,FC2,Japanese,116,
3981,I Have Eyes. They're Up Here,ExploitedCollegeGirls.24.05.23.Scarlett.XXX.1080p.MP4-P0RNL0V3R.mp4,Exploited College Girls,Western,93,Tyler Nixon; Scarlett Rose
3974,"Beautiful Mother And Daughter, Itadakimasu",DASS-377.mp4,Das !,Japanese,137,Momo Shiraishi
3959,"Red Light, Green Light Gang-Bang ~A Married Student Teacher's Humiliating Recreation~",hhd800.com@JUR-363.mp4,Madonna,Japanese,153,
3957,Ripe for the Taking (VIP Early Access),teamskeetvip.24.03.22.ripe.for.the.taking.mp4,TeamSkeet VIP,Western,117,Jay Romero; Scarlett Alexis; Riley Jean; Ryan Mclane; Molly Manning
3948,Ricky's Resort Full Episode,rickysroom.25.05.22.rickys.resort.full.episode.mp4,Ricky's Room,Western,166,Isiah Maxwell; Ricky Johnson; Emma Magnolia; Jewelz Blu; Roxie Sinner
3935,The Price of Perfect,mylffeatures.23.05.02.the.price.of.perfect[pt].mp4,MYLF Features,Western,92,Nick Strokes; Mike Mancini; Rusty Nails; Calvin Hardy; Silvia Saige
3932,Night 2 Afterhours Fuck,hgf.24.10.29.night.2.afterhours.fuck.mp4,Hot Guys Fuck,Western,90,
3870,Reina Rae's First Anal,Reina Rae's First Anal - Hoby Buchanon.mp4,Hoby Buchanon,Western,106,Reina Rae
3854,,PRIMAL (2020).mp4,,Western,95,
3851,"Forced to Be a Competitive Swimsuit Model... A Tall, Beautiful-Legged Office Lady Gang-Banged and Creampied - Marin Hinata",PRED-450[x265].mp4,PREMIUM,Japanese,116,
3849,The Draft: Game Day Orgy,Mylf 2022-09-22 Alex Coal Pristine Edge.mp4,Mylf of The Month,Western,99,Pristine Edge; Alex Coal; Bobby Beefcake; Brad Sterling; Lauren Phillips
3845,Mom Fucks Military Son Complete Collecti,Mom-Fucks-Military-Son-Complete-Collecti.mp4,Manyvids: WCA Productions,Western,108,Kendra Heart; Anastasia Rose; Coco Vandi; Sadie Holmes
3846,Monarch - Scene 1,[digitalplayground] Monarch.m4v,Blockbuster,Western,219,Ian Scott; Dean Van Damme; Zara DuRose; Sensual Jane; Carmel Anderson
3840,Grand Finale 5Some in the Studio,ManyVids-Jack_and_Jill-1080p.mp4,Manyvids: Jack And Jill,Western,123,Jak Palmer; Jill Palmer; Lillyy Luna; Ethereal Claire
3838,"Which of Our Little Sisters Is More Perverted? Why Don't We Swap Them and Fuck Them Full of Cum? #04 Nami Sekine, Seira Hoshizaki",MIAE-148.mp4,MOODYZ ACID,Japanese,150,関根奈美; 星咲セイラ
3814,Dolly Dyson My Birthday Trip 2024,DollyDyson – Meine Geburtstagsreise 2024.mp4,Dolly Dyson,Western,144,Mannie Coco; Dolly Dyson; Caramella Del X; Dario Dyson; Shadow Dimitri
3801,,Babysitting the Baumgartners.mkv,,Western,241,
3797, I Gathered All My Friends and Forced Our Gal Neighbor into a Cowgirl Gang-Bang and Got Her Pregnant. AIKA,HND-577-Decensored.mp4,本中,Western,117,AIKA
3795,,791706978068996100.mp4,,Western,97,
3780,Scooby Doo: A XXX Parody,scoobydoo-axxxparody.mp4,Parody Pass,Western,111,Lily LaBeau; Chad Alva; Michael Vegas; Bree Olson; Bobbi Starr
3745,Selina Bentz,excogi.selina-x265-1080p.mp4,Exploited College Girls,Western,97,Selina Bentz
3734,Dakota And Harlow 3way,brcc.dakota.harlow.3way.x265.1080p.mp4,Backroom Casting Couch,Western,94,Harlow West; Dakota Burns
3714,3 Submissive Teen Sluts Pounded in Epic Must Watch Orgy - Bleached Raw,"[PornForce] Ana Lingus, Dolly Dyson and Vivian Grace - 3 Submissive Teen Sluts POUNDED 2024 [1080p].mp4",Porn Force,Western,94,Dolly Dyson; Ana Lingus; Butt Spencer; Vivian Grace; House Elf
3699,Neighborhood Camping NTR Cheating Scenario,JUL-868.mp4,Madonna,Japanese,118,Rio Kuriyama
3688,,Teachers.m4v,,Western,184,
3675,Pirates 2 - Scene 1,Pirates2 1080p 6000.m4v,Digital Playground,Western,136,Mick Blue; James Deen; Shay Jordan
3661,Mommy's Boys pt. 1,Mommy's Boys 1080p x265.mkv,MissaX,Western,110,Tyler Nixon; Dante Colle; Natasha Nice
3655,Double Blonde Bombshell Threesome,ManyVids - JackAndJill - Double Blonde Bombshell Threesome Nov 18 2022.mp4,Manyvids: Jack And Jill,Western,103,Jak Palmer; Braylin Bailey; Ethereal Claire
3642,Squirting Fourway,Jack and Jill Squirting-Fourway x265.mp4,Manyvids: Jack And Jill,Western,111,Jak Palmer; Jill Palmer; Payton Avery; Natasha Ty
3626,Claire Desires of Submission E02 - The dinner,"Claire, La Soumise 1080p (French for Claire, The Submissive) - 2017-04-27 - Dorcel.mp4",Dorcel Club,Western,110,Kristof Cale; Lucy Heart; Ricky Mancini; Rico Simmons; Mina Sauvage
3615,Babysitters 2,Babysitters.2.2011.1080p.BluRay.x265.mkv,Blockbuster,Western,161,Manuel Ferrara; Kayden Kross; Jesse Jane; Riley Steele; Stoya
3577,Eden Ivy Casting,[WoodmanCastingX] 21.10.24 Eden Ivy_Casting Hard_1080p_x265.mp4,Woodman Casting X,Western,92,Eden Ivy
3510,Chloe and Vanessa Threeway,x265.brcc.chloe.vanessa.1080p.x265.mp4,Backroom Casting Couch,Western,100,Chloe Rose; Vanessa Moon
3290,Anal Showdown with Angel & Gabbie,x265.allanal.2021.04.27.gabbie.carter.angel.youngs.1080p.mp4,All Anal,Western,95,Angel Youngs; Gabbie Carter
3285,Deep Analysis: A Swap Movie,teamskeetvip_deep_analysis_full_hi_1080hd.mp4,TeamSkeet VIP,Western,138,Jack Vegas; Penny Barber; Calvin Hardy; Joshua Lewis; Coco Lovelock
3222,Simulation,puretaboo.2024.11.26.vanessa.sky.dee.williams.gal.ritchie.simulation.1080p.mp4,Pure Taboo,Western,103,Gal Ritchie; Lucky Fate; Vanessa Sky; Oliver Davis
3214,Extra Small College Teen Fucked to Her Limit in Extreme Rough Sex Session - Bleached Raw,pornforce_21.08.03_kate.quinn_x265.mp4,Porn Force,Western,123,Kate Quinn
3178,First Porn Shoot!!!! First Gangbang!!!!!! First Dp!!!!! First Bondage Experience!!!!,ktr.bgbs.12.01.11.remy.lacroix.mp4,Bound Gang Bangs,Western,96,Ramon Nomar; Karlo Karrera; Mark Davis; Mr. Pete; Remy LaCroix
3135,Wecumtoyou Part 20,adulttime.2024.09.25.casey.calvert.leana.lovings.birth.1080p.mp4,Wecumtoyou,Western,120,Little Caprice; Marcello Bravo; Isabella De Laa; Lutro Steel
3122,Home For The Holidays,[Lust Cinema] home-for-the-holidays 2021.mp4,Lust Cinema,Western,95,Whitney Wright; Vanna Bardot; April Olsen; Dillon Diaz; Magdalene St. Michaels
3067,Peter Pan XXX: An Axel Braun Parody Scene 1,Peter Pan XXX An Axel Braun Parody - WebDL - 1080p { The Rat Bastards }.mp4,Wicked,Western,119,Ryan Ryder; Keira Nicole
3045,First Show with Artemis,My First Oral Threesome Experience - 2020.12.27 - H265.mp4,Manyvids: Jack And Jill,Western,123,Jak Palmer; Jill Palmer
3032,Nightime Double Facial Threesome,ManyVids - JackAndJill - Nightime Double Facial Threesome Sep 22 2022.mkv,Manyvids: Jack And Jill,Western,113,Jak Palmer; Lillyy Luna; Kay Doll
3007,Dolly Visits the United States,Jack_and_Jill_Dolly-Visits-the-United-States-x265.mkv,Manyvids: Jack And Jill,Western,114,Jak Palmer; Jill Palmer; Dolly Dyson; Lillyy Luna
3004,I Taught the School Caste-Topping JK Who Looked Down on Her Teachers a Lesson by Revenge-Rap!ng and Impregnating Her on Her Unsafe Day. - Ichika Matsumoto,MIH-008-Decensored.mp4,本中,Western,152,Ichika Matsumoto
2978,"The ""I'm Going to Lick Your Vagina Gaze""",ExploitedCollegeGirls - Melanie & Raina - The “I’m Going To Lick Your Vagina Gaze” 1080p lower bitrate.mp4,Exploited College Girls,Western,93,Melanie Marie; Raina Rae
2955,Am I the Only Sane One?! The Case of Waking Up in a World Where Sexual Values Have Gone Haywire.,DASD-733-Decensored.mp4,ダスッ！,Western,116,
2925,The Stream From Tonight!,Vids (86).mp4,FansDB: Asianmochi (onlyfans),Western,91,Lucy Mochi
2756,Rap Video Casting (Blaire-Id1060) [821],Blaire-HD.mp4,Casting Couch HD,Western,101,Tee Reel; Bea Wolf
2668,"Room Barrier SPECIAL ~Welcome to My Personal Lewd Academy, Hehe!~",SDDE-625 Uncensored.mp4,SENZ,Western,129,Hibiki Otsuki; Yu Shinoda; Iori Kogawa
2629,Up The Dinner Dumper,ExploitedCollegeGirls.23.04.13.Charli.Up.The.Dinner.Dumper.XXX.1080p.HEVC.x265.PRT.mp4,Exploited College Girls,Western,92,Tyler Nixon; Charli Rose
2594,"School of Submission, Day Three: Brooklyn Gray","[KinkFeatures] Jun 07, 2022 School Of Submission - Day Three - Brooklyn Gray [1080p].mp4",Kink Features,Western,102,The Pope; Brooklyn Gray
2547,Hawaii Show Part 1: Sara's First Sex Show,_f265_jack_and_jill_hawaii_sara_056.mp4,Jack_and_Jill,Western,135,Jak Palmer; Maya Rue; Jill Palmer; Sara Turner
2518,Exactly Where I thought I’d Be,[ECG] Violet Ray - Exactly Were I thought Id Be - 265.mp4,Exploited College Girls,Western,95,Tyler Nixon; Violet Ray
2516,My Boyfriend Told Me Not To Cum,[ECG] Shrooms Q - My Boyfriend Told Me Not To Cum - 1080p - x265.mp4,Exploited College Girls,Western,94,Tyler Nixon; Shrooms Q
2503,Dee Williams - Sex Education with Step-Son and Step-Daughter,"Primals Taboo Family Relations - Dee William, Alex Coal - Sex Education with SteSon and StepDaughter [1080p x265] [avsubtitles.com] spanish english subtitles.mkv",Primal's Taboo Family Relations,Western,99,Rion King; Alex Coal; Dee Williams
2497,"My Little Brother's Dick is Seriously Huge, Wanna Come See? Achieved the Triple Crown on the Doujin Floor! A Super Mega-Hit Work Gets Another Live-Action Adaptation!",hhd800.com@MIMK-181.mp4,まんきつ,Western,133,
2484,Oh Boy! Amber Alert!,"Girl #715 -- @ExploitedCollegeGirls -- Oh Boy! Amber Alert! -- 2022-02-24 [1080p, x265].mp4",Exploited College Girls,Western,134,Tyler Nixon; Dakota Tyler
2343,Horny Japanese Sharemates Caught Fucking In The Bathroom And Getting Constant Orgasms For Hours !!!,[MadBrosX] Horny Japanese Sharemates Caught Fucking In The Bathroom And Getting Constant Orgasms For Hours [1080p].mp4,MadBros,Western,101,Urachan; Asachan
2337,Elly Clutch and I Suck 2 Jaks,JackandJill.13.01.24elly clutch.TicketShow.mp4,Manyvids: Jack And Jill,Western,92,Jak Palmer; Jak Knife; Elly Clutch; Jill Palmer
2327,Bad Girl Reina Rae Punished By Daddy,Bad Girl Reina Rae Punished By Daddy – Hoby Buchanon.mp4,Hoby Buchanon,Western,91,Reina Rae
2324,ABW-085,Abw085.Hd - H265.mp4,Prestige,Western,196,Umi Yatsugake
2259,The Twilight Zone,[Exploitedcollegegirls] Layla Jenner - The Twilight Zone - 06.01.23 - 1080P.mp4,Exploited College Girls,Western,95,Layla Jenner
2239,"Nerdy Shy Librarian Studies Cock, Giggity",ExploitedCollegeGirls.25.04.24.Krystal.Nerdy.Shy.Librarian.Studies.Cock.Giggity.XXX.1080p.HEVC.x265.PRT.mp4,Exploited College Girls,Western,109,Tyler Nixon; Krystal Palmer
2237,I've Officially Fisted A Girl,Juniper - Raven.mp4,ExCoGi Girls,Western,92,Juniper Ren; Raven Lane
2236,High School Senior's Hoping For Great Sex,Excogi Becky 1080p-RTGR.mkv,Exploited College Girls,Western,97,Becky Summer
2087,Shy Wholesome Librarian's 1st BBC,[BBCSurprise] Krystal Palmer - Shy Wholesome Librarian's 1st BBC (2025.04.26) [720p].mp4,BBC Surprise,Western,91,Isiah Maxwell; Krystal Palmer
1994,Dollydyson Party in Berlin,DollyDyson – Party in Berlin.mp4,Dolly Dyson,Western,95,Jesus Reyes; Dolly Dyson; Cassidy Luxe; Caramella Del X; JayJay Pink
1934,1 Hour Long Live For My Vip Babies Only,697e47aa-99f4-42d2-aa15-86b07e736f77.mp4,FansDB: Izzybunniescollab (onlyfans),Western,96,izzybunnies
1597,Friends: A XXX Parody,Friends A XXX Parody 2009 1080p BluRay x264.mkv,Parody Pass,Western,140,Evan Stone; Vanessa Naughty; Riley Evans; Rocco Reed; Isis Taylor
1436,Sex Games: Trailer,MARC DORCEL - SEX GAMES 1080P VERSION.mp4,Dorcel Club,Western,126,Mia Malkova; Kristof Cale; Clea Gaultier; Alina Henessy; Lucy Heart
1074,Bi Curious,SLR_SLR_Originals_Bi_Curious_1080p_36621_VR2Normal.mkv,SLR Originals,Western,94,Layla Jenner; Molly Little
1051,Maya Squirts Everywhere,ManyVids] Jack_and_Jill-2021-05-26-1080p.mp4,Jack_and_Jill,Western,116,Jak Palmer; Jill Palmer; Maya Kendrick
1013,,DNA 1080p (2016).mp4,,Western,191,
287,IPX-994,IPX-994.mp4,Idea Pocket,Western,156,Himeka Iori
73,FLESH,FLESH [Supermassive 2021].mp4,Supermassive,Western,187,
71,,FC2-PPV-4450725.mp4,FC2,Japanese,94,
70,Visions,Elegant Angel.2025.Visions.1080p-VERIFIED.mp4,Elegant Angel,Western,158,Kimmy Kimm; Lawson Jones; Jewelz Blu
67,Mona Wales: Folsom Street Spectacle - The Ultimate Humiliation!,103103_shoot_high.mp4,Kink Classics,Western,102,Mona Wales; Ariel X; Bill Bailey
68,Star Wars: The Last Temptation Parody,dpg.star.wars.the.last.temptation.a.dp.xxx.parody.fullhd.mp4,Digital Playground,Western,151,Xander Corvus; Lily LaBeau; Tony De Sergio; Adriana Chechik; Antonio Black
62,NRX Trailer Show 2: Psytrance Sluts want to see you GOON,SeducingBits - 2023-09-02 - NRX Trailer Show 2 - Psytrance Sluts want to see you GOON [Multi Audio].mkv,SeducingBits,Western,124,
